Scenario,Source,alpha true,Controller,Model,Data (traj.),Seed,Speed scale,Payload (kg),alpha hat,B hat mean,Run time (s),Unstable,Cartesian RMSE (mm),Max error (mm),RMS torque (N m),TV (N m),Peak |tau| (N m)
main,NB04,0.5,CTC + I,nominal,0,0,3.2,0.0,,0.0,6.735912084579468,False,0.0915950931228976,0.3055576911824394,0.9408233399585716,13.983270683329533,1.5579062054180817
main,NB04,0.5,CTC + I,oracle (frac),0,0,3.2,0.0,0.5,0.05,7.516834735870361,False,0.0091727740615398,0.0258215154292637,0.9406948355597466,14.059495669925123,1.5596046833654889
sweep,NB04,0.3,CTC + I,nominal,0,0,3.2,0.0,,0.0,6.793411493301392,False,0.0886955056587021,0.2965464872332454,0.942428044197296,13.94510189040538,1.55013879958971
sweep,NB04,0.3,CTC + I,oracle (frac),0,0,3.2,0.0,0.3,0.05,7.531153202056885,False,0.009194921029609,0.0258844874894792,0.9423053025673646,13.976406770631788,1.5517678893382183
noise,NB04,0.5,CTC + I,nominal,0,0,3.2,0.0,,0.0,7.320658445358276,False,0.0892881296627688,0.2975880076347753,0.9415698877666006,687.5441347422675,1.6642418486667672
noise,NB04,0.5,CTC + I,oracle (frac),0,0,3.2,0.0,0.5,0.05,7.983164072036743,False,0.0102586049586085,0.0315666005508026,0.941413495773116,681.8065037994264,1.648980828685685
hist,NB04,0.5,CTC + I,MLPhist,175,0,6.4,0.0,,0.0,15.40693497657776,False,0.0132495732011547,0.0339363278676485,0.90650085167016,6.969739410878094,1.167405473812718
hist,NB04,0.5,CTC + I,MLPhist,175,0,6.4,6.0,,0.0,15.97453260421753,False,0.0069700193274726,0.0170595121362548,1.7790233854724182,9.522386004583044,2.2613459901604505
hist,NB04,0.5,CTC + I,MLPhist,175,0,3.2,0.0,,0.0,7.285763025283813,False,0.0211812214335162,0.0674748823123481,0.9406947466440916,15.865105871244676,1.55857326726583
hist,NB04,0.5,CTC + I,MLPhist,175,0,3.2,6.0,,0.0,7.322666645050049,False,0.0157807618999976,0.0471563410032207,1.8245712416001172,26.422834862621634,2.9040883552989785
hist,NB04,0.5,CTC + I,MLPhist,175,0,1.6,0.0,,0.0,3.3231430053710938,False,0.1476462014063143,0.5846689340832362,1.2810370483446123,61.27446110363472,3.47749730634363
hist,NB04,0.5,CTC + I,MLPhist,175,0,1.6,6.0,,0.0,3.3769118785858154,False,4.548457636300413,17.31239404749526,2.5340342972449528,122.0281265936303,5.0
hist,NB04,0.5,CTC + I,PINNmem,175,0,6.4,0.0,,0.0,15.962304830551147,False,0.01794154894238,0.0469436300329801,0.9065013612291992,6.325602450801677,1.167459825770696
hist,NB04,0.5,CTC + I,PINNmem,175,0,6.4,6.0,,0.0,15.996780157089232,False,0.0091656149816182,0.0238025473608991,1.7790240800284984,8.94266750067787,2.2613637665646604
hist,NB04,0.5,CTC + I,PINNmem,175,0,3.2,0.0,,0.0,7.509913206100464,False,0.0186120928991407,0.0480293824332774,0.9406861465764392,15.210564998181049,1.5598789217531326
hist,NB04,0.5,CTC + I,PINNmem,175,0,3.2,6.0,,0.0,7.530397415161133,False,0.0120879145684362,0.029842483183193,1.8245744155617185,25.74579746944176,2.905872412420423
hist,NB04,0.5,CTC + I,PINNmem,175,0,1.6,0.0,,0.0,3.41414737701416,False,0.0623142838720994,0.2111686540338109,1.284122870897451,58.67009829291146,3.47739143267126
hist,NB04,0.5,CTC + I,PINNmem,175,0,1.6,6.0,,0.0,3.438283443450928,False,4.382551297033979,17.20744603259583,2.52397691983199,122.06915676335748,5.0
hist,NB04,0.5,CTC + I,MLPhist,175,1,6.4,0.0,,0.0,15.334264755249023,False,0.0131865610384387,0.0324486444892075,0.906504108270848,6.96708078852993,1.1674183405823282
hist,NB04,0.5,CTC + I,MLPhist,175,1,6.4,6.0,,0.0,15.395966291427612,False,0.0072594562556465,0.0191795166094236,1.7790250167207455,9.51028793273912,2.261363711357801
hist,NB04,0.5,CTC + I,MLPhist,175,1,3.2,0.0,,0.0,7.294142723083496,False,0.0192998711861516,0.0571686195384818,0.9407106926517246,15.927708659778848,1.5588817571009863
hist,NB04,0.5,CTC + I,MLPhist,175,1,3.2,6.0,,0.0,7.465854167938232,False,0.0167071050377115,0.052002452054128,1.8245629342977217,26.45477797853887,2.902999043128844
hist,NB04,0.5,CTC + I,MLPhist,175,1,1.6,0.0,,0.0,3.2984564304351807,False,0.1411652999395631,0.580786548647358,1.281562589686874,61.14095789874362,3.460762353242555
hist,NB04,0.5,CTC + I,MLPhist,175,1,1.6,6.0,,0.0,3.2975378036499023,False,4.488475021173218,17.10033003048424,2.536271312340293,122.40306975668472,5.0
hist,NB04,0.5,CTC + I,PINNmem,175,1,6.4,0.0,,0.0,15.90790843963623,False,0.0183784727735897,0.0476212345014463,0.9065033821980228,6.933476544568739,1.167462968145731
hist,NB04,0.5,CTC + I,PINNmem,175,1,6.4,6.0,,0.0,15.915879726409912,False,0.0092921294222043,0.0234981899277892,1.7790252594221037,9.420336775021664,2.261371607369812
hist,NB04,0.5,CTC + I,PINNmem,175,1,3.2,0.0,,0.0,7.496139049530029,False,0.0184811352666854,0.039389797046671,0.940696993618188,16.353165884694018,1.5590039806996836
hist,NB04,0.5,CTC + I,PINNmem,175,1,3.2,6.0,,0.0,7.489102840423584,False,0.0115578662830615,0.0281063160976273,1.824580220669565,26.55585148747985,2.90545893427182
hist,NB04,0.5,CTC + I,PINNmem,175,1,1.6,0.0,,0.0,3.451035022735596,False,0.0689410992683436,0.2111099543505907,1.2842093736677271,60.08682242825732,3.4789848759594566
hist,NB04,0.5,CTC + I,PINNmem,175,1,1.6,6.0,,0.0,3.557408571243286,False,4.371833358588923,17.235171444089637,2.524344173275231,123.06476587843456,5.0
hist,NB04,0.5,CTC + I,MLPhist,175,2,6.4,0.0,,0.0,15.402258396148682,False,0.0145390927835182,0.0402722985831883,0.9065048541683798,6.985047823709787,1.1674158257921785
hist,NB04,0.5,CTC + I,MLPhist,175,2,6.4,6.0,,0.0,15.391694068908691,False,0.0078106424338312,0.0219159338776449,1.779025049083597,9.6552043103311,2.2613672940351432
hist,NB04,0.5,CTC + I,MLPhist,175,2,3.2,0.0,,0.0,7.289930820465088,False,0.0211197061486997,0.0734030196497752,0.9407032113380468,15.933716558717112,1.5585110361591914
hist,NB04,0.5,CTC + I,MLPhist,175,2,3.2,6.0,,0.0,7.278942584991455,False,0.0162261696589828,0.0472504600174174,1.824564031920431,26.751189139576468,2.904597810849084
hist,NB04,0.5,CTC + I,MLPhist,175,2,1.6,0.0,,0.0,3.305408239364624,False,0.1445332645161951,0.6090491335717501,1.281172980812862,60.82631264793507,3.4779498067737693
hist,NB04,0.5,CTC + I,MLPhist,175,2,1.6,6.0,,0.0,3.313772439956665,False,4.532146273214352,17.240108193793503,2.534982877166257,121.72340766498948,5.0
hist,NB04,0.5,CTC + I,PINNmem,175,2,6.4,0.0,,0.0,15.92568325996399,False,0.0185293128621108,0.0478912291865291,0.9065040841402046,6.7540251472607,1.1674634591285993
hist,NB04,0.5,CTC + I,PINNmem,175,2,6.4,6.0,,0.0,15.964219093322754,False,0.0093161718802813,0.0238988324952891,1.7790257730392074,9.289845423800946,2.2613733779277565
hist,NB04,0.5,CTC + I,PINNmem,175,2,3.2,0.0,,0.0,7.677546262741089,False,0.0194379448911342,0.0475655915314818,0.9406892576513568,16.031510145671895,1.5596532427453031
hist,NB04,0.5,CTC + I,PINNmem,175,2,3.2,6.0,,0.0,7.518784046173096,False,0.0124002390177523,0.0279995020877419,1.8245744081691264,26.345920898005488,2.9053275645362318
hist,NB04,0.5,CTC + I,PINNmem,175,2,1.6,0.0,,0.0,3.433258056640625,False,0.0704267794962081,0.2138557333362966,1.2841298337654583,59.7003177881753,3.4781401780004524
hist,NB04,0.5,CTC + I,PINNmem,175,2,1.6,6.0,,0.0,3.4352095127105717,False,4.3580717392996045,17.160667896302794,2.524198652858326,122.71329863363896,5.0
hist,NB04,0.5,CTC + I,MLPhist,175,3,6.4,0.0,,0.0,15.392756938934326,False,0.0128594660625213,0.0319263899478707,0.9065023246869026,7.207556061894456,1.1674027199913453
hist,NB04,0.5,CTC + I,MLPhist,175,3,6.4,6.0,,0.0,16.091997623443604,False,0.00684470614222,0.0162110062621082,1.7790235389427989,9.53976783340314,2.261355884590792
hist,NB04,0.5,CTC + I,MLPhist,175,3,3.2,0.0,,0.0,7.284956932067871,False,0.0221022819810832,0.0713004230703925,0.9407108543102876,16.11617900472737,1.5564798032788554
hist,NB04,0.5,CTC + I,MLPhist,175,3,3.2,6.0,,0.0,7.301736831665039,False,0.0166565620644069,0.0544998957126115,1.82456643617418,26.41344535477363,2.903861284599695
hist,NB04,0.5,CTC + I,MLPhist,175,3,1.6,0.0,,0.0,3.294154167175293,False,0.1555709704602598,0.5889380886383626,1.2805047582013362,61.18930195743921,3.4698008334801465
hist,NB04,0.5,CTC + I,MLPhist,175,3,1.6,6.0,,0.0,3.301889419555664,False,4.619532017519521,17.62107968221466,2.5316166614043087,121.67800756212604,5.0
hist,NB04,0.5,CTC + I,PINNmem,175,3,6.4,0.0,,0.0,15.936917543411257,False,0.0181018311449471,0.0479037408053101,0.9065018189773704,6.119697616498756,1.1674593501581012
hist,NB04,0.5,CTC + I,PINNmem,175,3,6.4,6.0,,0.0,15.902096033096312,False,0.0092257754711715,0.0238816786263019,1.779024292466189,8.781643831330138,2.2613659992084525
hist,NB04,0.5,CTC + I,PINNmem,175,3,3.2,0.0,,0.0,7.474224328994751,False,0.018473111244198,0.0450966307353455,0.9406906992459352,14.84130178212917,1.5604192355320443
hist,NB04,0.5,CTC + I,PINNmem,175,3,3.2,6.0,,0.0,7.505973100662231,False,0.0124537467377507,0.0324833290153174,1.824575045048327,25.479745992102156,2.905987767125627
hist,NB04,0.5,CTC + I,PINNmem,175,3,1.6,0.0,,0.0,3.424126386642456,False,0.0620973580764922,0.2107919689279336,1.2843537853738487,58.25815641872615,3.4791979048500936
hist,NB04,0.5,CTC + I,PINNmem,175,3,1.6,6.0,,0.0,3.460537910461426,False,4.360564827561791,17.161738104334106,2.524592084434289,121.9747437989904,5.0
hist,NB04,0.5,CTC + I,MLPhist,175,4,6.4,0.0,,0.0,15.431602716445925,False,0.0127974070370981,0.0313385612425913,0.9065011148511116,6.933115451560021,1.1674112096313127
hist,NB04,0.5,CTC + I,MLPhist,175,4,6.4,6.0,,0.0,15.396950960159302,False,0.0069666651342374,0.0175701215044185,1.779022600127162,9.68961638891323,2.261358682082479
hist,NB04,0.5,CTC + I,MLPhist,175,4,3.2,0.0,,0.0,7.272589683532715,False,0.0184178641155133,0.0580387198780323,0.9407030122966048,15.828950024667332,1.556411106425057
hist,NB04,0.5,CTC + I,MLPhist,175,4,3.2,6.0,,0.0,7.260490894317627,False,0.0146179182968398,0.0451426726403169,1.8245681139439949,26.62682035726101,2.904337519675554
hist,NB04,0.5,CTC + I,MLPhist,175,4,1.6,0.0,,0.0,3.273351192474365,False,0.142533262504487,0.5777972447616215,1.28106215636923,61.16518161099717,3.491012735544386
hist,NB04,0.5,CTC + I,MLPhist,175,4,1.6,6.0,,0.0,3.2829575538635254,False,4.547724593285418,17.371502134457746,2.5335548128292973,122.18902385815908,5.0
hist,NB04,0.5,CTC + I,PINNmem,175,4,6.4,0.0,,0.0,15.882144689559937,False,0.0185568889296159,0.0472398997123019,0.9065037901616646,6.54704532246966,1.1674660005634794
hist,NB04,0.5,CTC + I,PINNmem,175,4,6.4,6.0,,0.0,16.02454113960266,False,0.0093489117147074,0.0242043916133742,1.7790257904561353,9.118662695513295,2.261371016912826
hist,NB04,0.5,CTC + I,PINNmem,175,4,3.2,0.0,,0.0,7.495058298110962,False,0.0200517052380993,0.0513968948112207,0.940689603352303,15.637864527032242,1.5597528826622729
hist,NB04,0.5,CTC + I,PINNmem,175,4,3.2,6.0,,0.0,7.496913194656372,False,0.0125971731250812,0.0304462374388097,1.824574189811075,26.05582239699948,2.905877099662057
hist,NB04,0.5,CTC + I,PINNmem,175,4,1.6,0.0,,0.0,3.4018595218658447,False,0.0667950741512786,0.19600145874135,1.2840566647466407,59.24944227783124,3.475249673025458
hist,NB04,0.5,CTC + I,PINNmem,175,4,1.6,6.0,,0.0,3.4314842224121094,False,4.393659731714462,17.200234328962317,2.5243705873539337,122.57585287795229,5.0
hist,NB04,0.5,CTC + I,MLPhist,35,0,6.4,0.0,,0.0,15.37540364265442,False,0.0419706104665432,0.1432826794239624,0.9065098128159208,8.415893600919928,1.1675404610388145
hist,NB04,0.5,CTC + I,MLPhist,35,0,6.4,6.0,,0.0,15.392736673355104,False,0.0237098755560995,0.0790700435463554,1.7790333509084029,11.434707616261012,2.261336093938415
hist,NB04,0.5,CTC + I,MLPhist,35,0,3.2,6.0,,0.0,7.277549982070923,False,0.0838616271661347,0.3381229509675668,1.824729225197496,29.35978137600457,2.9047512486719675
hist,NB04,0.5,CTC + I,MLPhist,35,0,1.6,0.0,,0.0,3.3154759407043457,False,0.2906627911304194,0.8185776760978335,1.2795565342734332,65.16134684919997,3.4756359946947653
hist,NB04,0.5,CTC + I,MLPhist,35,0,1.6,6.0,,0.0,3.2999393939971924,False,4.995367940892451,20.730143520193568,2.5549035597063736,124.04162709623236,5.0
hist,NB04,0.5,CTC + I,PINNmem,35,0,6.4,0.0,,0.0,15.858641624450684,False,0.0310281846912638,0.0832916894701978,0.9065176644939816,8.365897427757417,1.1674482054123032
hist,NB04,0.5,CTC + I,PINNmem,35,0,6.4,6.0,,0.0,15.933319568634031,False,0.0154767145087931,0.041780903874206,1.7790360288388405,10.614529968000294,2.2613543754670435
hist,NB04,0.5,CTC + I,PINNmem,35,0,3.2,6.0,,0.0,7.503859758377075,False,0.0289934791808886,0.0923978831532575,1.824606086272729,28.612478669468853,2.908020803615397
hist,NB04,0.5,CTC + I,PINNmem,35,0,1.6,0.0,,0.0,3.456385374069214,False,0.1560514654753318,0.514826304478238,1.2818681757050376,62.57071940986208,3.493599215163308
hist,NB04,0.5,CTC + I,PINNmem,35,0,1.6,6.0,,0.0,3.430187940597534,False,4.421611114066622,17.4817397647379,2.518019419268841,125.36404280678656,5.0
hist,NB04,0.5,CTC + I,MLPhist,35,1,6.4,0.0,,0.0,15.37057876586914,False,0.0390719748391564,0.1183340654443078,0.9065120389537106,8.46240796537519,1.1675124382394555
hist,NB04,0.5,CTC + I,MLPhist,35,1,6.4,6.0,,0.0,15.457672834396362,False,0.0240098494396171,0.0829751720004458,1.7790329669899063,11.31771231248542,2.2613493795917643
hist,NB04,0.5,CTC + I,MLPhist,35,1,3.2,0.0,,0.0,7.279268503189087,False,0.0823961764879793,0.2584305114434642,0.9406912961954356,18.881615250249816,1.5543926909441348
hist,NB04,0.5,CTC + I,MLPhist,35,1,3.2,6.0,,0.0,7.277997970581055,False,0.0640924614492267,0.2306639903696313,1.8246693108347056,29.064501570758004,2.9119338581294016
hist,NB04,0.5,CTC + I,MLPhist,35,1,1.6,0.0,,0.0,3.284667491912842,False,0.2893808502458715,1.0097488627355249,1.2796417151403896,65.26332815413642,3.458801446310084
hist,NB04,0.5,CTC + I,MLPhist,35,1,1.6,6.0,,0.0,3.3352813720703125,False,4.988702963996223,20.528929670312635,2.561301120550413,124.20768654416588,5.0
hist,NB04,0.5,CTC + I,PINNmem,35,1,6.4,0.0,,0.0,15.989884853363035,False,0.0297986374257808,0.1066583889092019,0.9065114375762424,6.050028881753261,1.1674442292586118
hist,NB04,0.5,CTC + I,PINNmem,35,1,6.4,6.0,,0.0,15.915572881698608,False,0.0161379448250761,0.0523522091819045,1.779033297471989,8.731345256742177,2.261372567689937
hist,NB04,0.5,CTC + I,PINNmem,35,1,3.2,0.0,,0.0,7.495122194290161,False,0.0519316444538645,0.128781751829292,0.9407031976898068,14.72192652705322,1.5584452577705488
hist,NB04,0.5,CTC + I,PINNmem,35,1,3.2,6.0,,0.0,7.546040773391724,False,0.0312975146038697,0.0915917295257382,1.824575625419756,25.460387935911136,2.904306167096816
hist,NB04,0.5,CTC + I,PINNmem,35,1,1.6,0.0,,0.0,3.427077531814575,False,0.1275909581565276,0.5177623611085463,1.2825606123261974,58.03208847439381,3.4701104023683174
hist,NB04,0.5,CTC + I,PINNmem,35,1,1.6,6.0,,0.0,3.425537586212158,False,4.45030878689202,17.337220546032118,2.524858696656971,122.04281263823088,5.0
hist,NB04,0.5,CTC + I,MLPhist,35,2,6.4,0.0,,0.0,15.359156131744385,False,0.0346273409129886,0.1027250089394977,0.9065088612478428,7.316567455611603,1.1674487698412253
hist,NB04,0.5,CTC + I,MLPhist,35,2,6.4,6.0,,0.0,15.395872831344604,False,0.0192642145119615,0.0586324495363727,1.779033282451119,10.439222155133574,2.2613619313555264
hist,NB04,0.5,CTC + I,MLPhist,35,2,3.2,0.0,,0.0,7.26865553855896,False,0.0695916194989827,0.2422354813554409,0.9407264857017074,16.743432953294025,1.564921558213542
hist,NB04,0.5,CTC + I,MLPhist,35,2,3.2,6.0,,0.0,7.295199394226074,False,0.0568626353921695,0.1853082222279245,1.8246903024413943,27.60636460134556,2.9120651314299097
hist,NB04,0.5,CTC + I,MLPhist,35,2,1.6,0.0,,0.0,3.290944099426269,False,0.2509816663923966,0.8578073685104298,1.2808398403103294,62.2836130733734,3.520855630903836
hist,NB04,0.5,CTC + I,MLPhist,35,2,1.6,6.0,,0.0,3.2711222171783447,False,4.816383311114167,18.970582463149,2.549818091127575,121.69814031330073,5.0
hist,NB04,0.5,CTC + I,PINNmem,35,2,6.4,0.0,,0.0,15.857723712921144,False,0.0238133021847649,0.0664306573329398,0.9065090124939218,5.738151497901512,1.1674666733449388
hist,NB04,0.5,CTC + I,PINNmem,35,2,6.4,6.0,,0.0,15.919559955596924,False,0.0119563965913188,0.0296850920644528,1.7790304771828866,8.505954205024729,2.261373397117991
hist,NB04,0.5,CTC + I,PINNmem,35,2,3.2,0.0,,0.0,7.510986566543579,False,0.0391333053983912,0.1301399690371738,0.940713876547872,14.169104817465817,1.5613513220036754
hist,NB04,0.5,CTC + I,PINNmem,35,2,3.2,6.0,,0.0,7.492358446121216,False,0.020830534709114,0.0592219446580177,1.8245612435905103,25.06010940102324,2.906994456609293
hist,NB04,0.5,CTC + I,PINNmem,35,2,1.6,0.0,,0.0,3.42897367477417,False,0.1568580343680292,0.6888641798827254,1.2834953315890842,57.51115775633832,3.4617453527331894
hist,NB04,0.5,CTC + I,PINNmem,35,2,1.6,6.0,,0.0,3.4285976886749268,False,4.454903568878748,17.411622051671035,2.5211174204992086,122.05685972893984,5.0
hist,NB04,0.5,CTC + I,MLPhist,35,3,6.4,0.0,,0.0,15.380040645599363,False,0.0377284692804207,0.1084596634959958,0.9065016586373495,9.162520062840333,1.16747611427425
hist,NB04,0.5,CTC + I,MLPhist,35,3,6.4,6.0,,0.0,15.478671789169312,False,0.0243704628766415,0.0958984089929164,1.779026864061081,11.801550814691238,2.2614199392001884
hist,NB04,0.5,CTC + I,MLPhist,35,3,3.2,0.0,,0.0,7.407407283782959,False,0.0888122063252444,0.3648229736351069,0.9406380633610472,19.474468806209035,1.5665629705815038
hist,NB04,0.5,CTC + I,MLPhist,35,3,3.2,6.0,,0.0,7.28352427482605,False,0.0736736279553275,0.2868648901622089,1.824640645252332,29.651432480144702,2.9127923311421857
hist,NB04,0.5,CTC + I,MLPhist,35,3,1.6,0.0,,0.0,3.3099560737609863,False,0.3035669791195264,1.003326512943693,1.278203808235835,65.99027565693453,3.471979477639315
hist,NB04,0.5,CTC + I,MLPhist,35,3,1.6,6.0,,0.0,3.3130784034729004,False,4.90399364352052,18.79719920097124,2.540607941646687,122.59384386292074,5.0
hist,NB04,0.5,CTC + I,PINNmem,35,3,6.4,0.0,,0.0,15.916522979736328,False,0.0237888074325868,0.0660514618243159,0.9065047645601269,6.142425847400325,1.1674505101253054
hist,NB04,0.5,CTC + I,PINNmem,35,3,6.4,6.0,,0.0,15.976998805999756,False,0.0124999825307609,0.03098534259638,1.7790269824687477,8.793550725933393,2.261362829745645
hist,NB04,0.5,CTC + I,PINNmem,35,3,3.2,0.0,,0.0,7.476364612579346,False,0.037419263195613,0.1236163667930725,0.9407089128476438,14.874075831644737,1.5604647556517446
hist,NB04,0.5,CTC + I,PINNmem,35,3,3.2,6.0,,0.0,7.560759544372559,False,0.021826287867502,0.0520956728931713,1.824566622116432,25.51786791277479,2.907178431599568
hist,NB04,0.5,CTC + I,PINNmem,35,3,1.6,0.0,,0.0,3.4206154346466064,False,0.1279792619250371,0.4131861079884568,1.282566859048916,58.25280838193298,3.492745041209088
hist,NB04,0.5,CTC + I,PINNmem,35,3,1.6,6.0,,0.0,3.4435970783233643,False,4.3126614838219055,17.037181842510797,2.524415142507616,121.6239490730854,5.0
hist,NB04,0.5,CTC + I,MLPhist,35,4,6.4,0.0,,0.0,16.050445318222046,False,0.0417240691288125,0.1462843138778796,0.9065037448879968,8.164093507501232,1.1675345148989142
hist,NB04,0.5,CTC + I,MLPhist,35,4,6.4,6.0,,0.0,15.384892225265505,False,0.023228122515844,0.0848177549496635,1.7790303019980922,11.556047600643083,2.261396517341164
hist,NB04,0.5,CTC + I,MLPhist,35,4,3.2,0.0,,0.0,7.304141521453857,False,0.0945892511564204,0.3424598432224883,0.9406579717212892,17.459523017574824,1.5603454220850317
hist,NB04,0.5,CTC + I,MLPhist,35,4,3.2,6.0,,0.0,7.331607103347778,False,0.0550409343772266,0.1860906674046267,1.8246306831843957,28.721675320652537,2.904033704592855
hist,NB04,0.5,CTC + I,MLPhist,35,4,1.6,0.0,,0.0,3.330218315124512,False,0.2940932563927625,0.9254224451466728,1.2784617206346318,63.15763376756714,3.453510951539224
hist,NB04,0.5,CTC + I,MLPhist,35,4,1.6,6.0,,0.0,3.310382604598999,False,4.79064738557264,17.992156804093877,2.549121271060147,123.51620043386716,5.0
hist,NB04,0.5,CTC + I,PINNmem,35,4,6.4,0.0,,0.0,15.963675260543823,False,0.0271378147497081,0.0854080554329081,0.9065105124093448,6.888797925917815,1.167439205052507
hist,NB04,0.5,CTC + I,PINNmem,35,4,6.4,6.0,,0.0,16.005438089370728,False,0.0140271513811414,0.0382360557499076,1.7790330706774966,9.410767525239272,2.261358995678241
hist,NB04,0.5,CTC + I,PINNmem,35,4,3.2,0.0,,0.0,7.4832518100738525,False,0.0403498221690551,0.09433504978298,0.9407102093945794,16.234134606487522,1.5591945619023972
hist,NB04,0.5,CTC + I,PINNmem,35,4,3.2,6.0,,0.0,7.499080419540405,False,0.0239065310565798,0.0723572276144763,1.8245730416120567,26.525959461931755,2.9008560750244
hist,NB04,0.5,CTC + I,PINNmem,35,4,1.6,0.0,,0.0,3.46573543548584,False,0.1397433578502647,0.4868709229258525,1.2849009761987609,60.307630888598375,3.5258254965979376
hist,NB04,0.5,CTC + I,PINNmem,35,4,1.6,6.0,,0.0,3.4219655990600586,False,4.559024478250901,17.58644530675833,2.5256439532640624,124.32404815886385,5.0
main,NB04,0.5,CTC + I,MLP,175,0,6.4,0.0,,0.0,14.015260219573976,False,0.0189182893042796,0.0455685217463675,0.9064994533935076,5.562591387120315,1.16744734560837
main,NB04,0.5,CTC + I,MLP,175,0,6.4,6.0,,0.0,13.959596633911133,False,0.009767768328192,0.0233476687067016,1.7790223468304378,8.368537745970334,2.2613590773602
main,NB04,0.5,CTC + I,MLP,175,0,3.2,0.0,,0.0,6.736498594284058,False,0.0222142443161421,0.0619123965397121,0.940690302844862,13.885261935730224,1.558327662912795
main,NB04,0.5,CTC + I,MLP,175,0,3.2,6.0,,0.0,6.734734535217285,False,0.016259088769163,0.0496839544311092,1.8245503248417203,24.833894440236516,2.903963782582048
main,NB04,0.5,CTC + I,MLP,175,0,1.6,0.0,,0.0,3.123000383377075,False,0.1345762521592969,0.5505531434814814,1.2819226721249428,58.03132179275296,3.490175608796084
main,NB04,0.5,CTC + I,MLP,175,0,1.6,6.0,,0.0,3.293537378311157,False,4.507946375765867,17.29730858264364,2.533889608072964,120.4318609614246,5.0
main,NB04,0.5,CTC + I,HYBRID,175,0,6.4,0.0,,0.0,14.81326937675476,False,0.017932179070913,0.044166985285048,0.9065055651160516,5.5517367892241785,1.1674495436328922
main,NB04,0.5,CTC + I,HYBRID,175,0,6.4,6.0,,0.0,14.731039762496948,False,0.0089709771808443,0.0217918065858179,1.779026748743671,8.365316053946914,2.261361356978449
main,NB04,0.5,CTC + I,HYBRID,175,0,3.2,0.0,,0.0,7.121860504150391,False,0.0224041836247411,0.057956504810104,0.9406689074168698,13.901896494875388,1.5597306190714362
main,NB04,0.5,CTC + I,HYBRID,175,0,3.2,6.0,,0.0,7.161469697952271,False,0.0140384697312604,0.0398497420115495,1.824562594739214,24.83383851497232,2.9045816339472896
main,NB04,0.5,CTC + I,HYBRID,175,0,1.6,0.0,,0.0,3.3721423149108887,False,0.0848527544285197,0.2837371531421666,1.2845301712385642,57.38932524139168,3.4744612469507574
main,NB04,0.5,CTC + I,HYBRID,175,0,1.6,6.0,,0.0,3.3366446495056152,False,4.380906521833104,17.245424668829042,2.5244546877408136,121.7293346297982,5.0
main,NB04,0.5,CTC + I,PINN,175,0,6.4,0.0,,0.0,14.55504560470581,False,0.0184726551653638,0.0468567964738426,0.9064989054731988,5.551172899122532,1.1674551581004315
main,NB04,0.5,CTC + I,PINN,175,0,6.4,6.0,,0.0,14.612416982650757,False,0.0093433315335539,0.0227189830006199,1.7790224964426862,8.365925238935745,2.2613665696418592
main,NB04,0.5,CTC + I,PINN,175,0,3.2,0.0,,0.0,6.99317479133606,False,0.0220981616722786,0.0556807647794,0.9406695497524394,13.871476838410366,1.5592122200308172
main,NB04,0.5,CTC + I,PINN,175,0,3.2,6.0,,0.0,7.042131662368774,False,0.0132780731058602,0.0339823990881302,1.824567178129657,24.81119051442641,2.90552813090882
main,NB04,0.5,CTC + I,PINN,175,0,1.6,0.0,,0.0,3.291642427444458,False,0.078951282710518,0.2478374142874604,1.283475691163177,57.23142274218898,3.483300036834996
main,NB04,0.5,CTC + I,PINN,175,0,1.6,6.0,,0.0,3.284508466720581,False,4.362050508381677,17.213324633389306,2.523466165977006,121.37635735048023,5.0
main,NB04,0.5,CTC + I,fPINN,175,0,6.4,0.0,0.4894177317619324,0.0557435030738512,15.456388235092165,False,0.0180808607260857,0.047084246105209,0.9065014527179112,5.644479825829455,1.1674624222928007
main,NB04,0.5,CTC + I,fPINN,175,0,6.4,6.0,0.4894177317619324,0.0557435030738512,15.278265714645386,False,0.0091813471830409,0.0235155452151534,1.779024256096552,8.427182627544145,2.261374170171514
main,NB04,0.5,CTC + I,fPINN,175,0,3.2,0.0,0.4894177317619324,0.0557435030738512,7.300424098968506,False,0.0201798448482533,0.0544123603311186,0.9406893609292136,13.993079483161234,1.5598169472246783
main,NB04,0.5,CTC + I,fPINN,175,0,3.2,6.0,0.4894177317619324,0.0557435030738512,7.180858850479126,False,0.012650217756015,0.0302483618147998,1.824575515077896,24.90782904632809,2.9057807961633304
main,NB04,0.5,CTC + I,fPINN,175,0,1.6,0.0,0.4894177317619324,0.0557435030738512,3.3757426738739014,False,0.066101263280384,0.2195846081189712,1.284011607994746,57.32318612197862,3.4793630359135053
main,NB04,0.5,CTC + I,fPINN,175,0,1.6,6.0,0.4894177317619324,0.0557435030738512,3.3587892055511475,False,4.388485112489167,17.259881850791487,2.523762756417229,121.78908770614782,5.0
main,NB04,0.5,CTC + I,fHYBRID,175,0,6.4,0.0,0.5062832236289978,0.0581100496153036,15.41298770904541,False,0.0172111722568245,0.0457217513060719,0.9065067244401476,5.652566954020613,1.167460693757424
main,NB04,0.5,CTC + I,fHYBRID,175,0,6.4,6.0,0.5062832236289978,0.0581100496153036,15.364453077316284,False,0.0086972928708409,0.0231647279847775,1.779027611786446,8.430747677622263,2.261371859100033
main,NB04,0.5,CTC + I,fHYBRID,175,0,3.2,0.0,0.5062832236289978,0.0581100496153036,7.278900623321533,False,0.019378895173834,0.0555106963134877,0.9406841577944104,14.024206191554033,1.560856030272046
main,NB04,0.5,CTC + I,fHYBRID,175,0,3.2,6.0,0.5062832236289978,0.0581100496153036,7.272930860519409,False,0.0125639737331421,0.034145232975568,1.824571486906264,24.921050690713,2.9056361247413283
main,NB04,0.5,CTC + I,fHYBRID,175,0,1.6,0.0,0.5062832236289978,0.0581100496153036,3.3666882514953613,False,0.0828838714483326,0.2711603276306221,1.284382862260712,57.42886599194368,3.473194449597393
main,NB04,0.5,CTC + I,fHYBRID,175,0,1.6,6.0,0.5062832236289978,0.0581100496153036,3.356848955154419,False,4.368688755935438,17.181698974620453,2.524699772848128,121.72839444128314,5.0
main,NB04,0.5,CTC + I,MLP,175,1,6.4,0.0,,0.0,13.992472410202026,False,0.0186805362352843,0.0446388751257866,0.9065005247215604,5.562403516772768,1.1674443490241029
main,NB04,0.5,CTC + I,MLP,175,1,6.4,6.0,,0.0,13.908612251281738,False,0.0096625947279804,0.0232813833415989,1.7790227341283464,8.363331991277441,2.2613591397631767
main,NB04,0.5,CTC + I,MLP,175,1,3.2,0.0,,0.0,6.73397159576416,False,0.0216711194986947,0.0547265896654047,0.9406913296440472,13.899424207245051,1.5589870260566128
main,NB04,0.5,CTC + I,MLP,175,1,3.2,6.0,,0.0,6.728064060211182,False,0.0168981149443902,0.0486314272649818,1.8245557272533903,24.83924317667044,2.9032509499217163
main,NB04,0.5,CTC + I,MLP,175,1,1.6,0.0,,0.0,3.1427276134490967,False,0.1388647035263585,0.5974819722262136,1.281668112365241,58.16161155681388,3.4764057071277046
main,NB04,0.5,CTC + I,MLP,175,1,1.6,6.0,,0.0,3.136138916015625,False,4.493334147917093,17.22908461588659,2.532045706731062,120.5416971892181,5.0
main,NB04,0.5,CTC + I,HYBRID,175,1,6.4,0.0,,0.0,14.73720669746399,False,0.0178412696881615,0.0444645653169637,0.906505393196251,5.552563251342344,1.1674502827536304
main,NB04,0.5,CTC + I,HYBRID,175,1,6.4,6.0,,0.0,14.643001556396484,False,0.0089358366059666,0.02177048538381,1.7790266636071324,8.365887816499749,2.26136184811578
main,NB04,0.5,CTC + I,HYBRID,175,1,3.2,0.0,,0.0,7.123831033706665,False,0.0219150037435151,0.0577568816683387,0.9406677514510908,13.903215086790084,1.5603125466916516
main,NB04,0.5,CTC + I,HYBRID,175,1,3.2,6.0,,0.0,7.085132122039795,False,0.0138963455246224,0.0398147392036975,1.824561892140234,24.83602776450304,2.904703768918889
main,NB04,0.5,CTC + I,HYBRID,175,1,1.6,0.0,,0.0,3.3361542224884038,False,0.0853153998036873,0.2832071024958074,1.284560360927992,57.40780297865928,3.473863471938208
main,NB04,0.5,CTC + I,HYBRID,175,1,1.6,6.0,,0.0,3.339214563369751,False,4.388901983291391,17.258179972134087,2.524551169938939,121.75104852734393,5.0
main,NB04,0.5,CTC + I,PINN,175,1,6.4,0.0,,0.0,14.551581382751465,False,0.0184037457155796,0.0494391566457141,0.906500129421719,5.550687453824418,1.16746022735752
main,NB04,0.5,CTC + I,PINN,175,1,6.4,6.0,,0.0,14.532197952270508,False,0.0092733327964453,0.0238977467842983,1.7790231049613678,8.358464719225129,2.261372655501787
main,NB04,0.5,CTC + I,PINN,175,1,3.2,0.0,,0.0,7.072237730026245,False,0.0211493122671548,0.0563950848388594,0.9406718104809738,13.880215487339466,1.5583816823158698
main,NB04,0.5,CTC + I,PINN,175,1,3.2,6.0,,0.0,7.041283845901489,False,0.0131504239237242,0.035353149916567,1.824566769013456,24.806144180054805,2.9047163225387767
main,NB04,0.5,CTC + I,PINN,175,1,1.6,0.0,,0.0,3.3121728897094727,False,0.0681728825553683,0.2265923309939504,1.28416348184536,57.21935200884582,3.474612505574705
main,NB04,0.5,CTC + I,PINN,175,1,1.6,6.0,,0.0,3.2842297554016118,False,4.391294436314594,17.265406372794327,2.524253139742781,121.66501598231017,5.0
main,NB04,0.5,CTC + I,fPINN,175,1,6.4,0.0,0.4868657886981964,0.0550791434943676,15.20945119857788,False,0.0181828338626686,0.0497482552257293,0.906502370722424,5.641514044722093,1.1674678934220697
main,NB04,0.5,CTC + I,fPINN,175,1,6.4,6.0,0.4868657886981964,0.0550791434943676,15.204789161682127,False,0.0091752743683548,0.0245219608557778,1.7790247930365044,8.419935082016304,2.26137871154024
main,NB04,0.5,CTC + I,fPINN,175,1,3.2,0.0,0.4868657886981964,0.0550791434943676,7.175680160522461,False,0.0193043036584664,0.0457510599801904,0.9406892740109408,13.9970267126632,1.5580861496303682
main,NB04,0.5,CTC + I,fPINN,175,1,3.2,6.0,0.4868657886981964,0.0550791434943676,7.14850664138794,False,0.0120206763397533,0.0311176505926452,1.8245767040540808,24.90092474619075,2.9042749439851474
main,NB04,0.5,CTC + I,fPINN,175,1,1.6,0.0,0.4868657886981964,0.0550791434943676,3.3107404708862305,False,0.0610946602127604,0.2112119629968357,1.2842457042030295,57.304775351863455,3.470923031845196
main,NB04,0.5,CTC + I,fPINN,175,1,1.6,6.0,0.4868657886981964,0.0550791434943676,3.3350260257720947,False,4.379371989101646,17.227600999792912,2.5244145191520926,121.845160811813,5.0
main,NB04,0.5,CTC + I,fHYBRID,175,1,6.4,0.0,0.5186238288879395,0.0596120730042457,15.3081214427948,False,0.0172361331457552,0.045775043012778,0.9065070547566336,5.6617961001159465,1.1674614740501854
main,NB04,0.5,CTC + I,fHYBRID,175,1,6.4,6.0,0.5186238288879395,0.0596120730042457,15.238784074783323,False,0.0087078154178857,0.0230138796561663,1.779027750925548,8.437787113332117,2.261372493221712
main,NB04,0.5,CTC + I,fHYBRID,175,1,3.2,0.0,0.5186238288879395,0.0596120730042457,7.26330828666687,False,0.0186897610325788,0.0503585490300715,0.94068490639835,14.036433102687427,1.5609955312583104
main,NB04,0.5,CTC + I,fHYBRID,175,1,3.2,6.0,0.5186238288879395,0.0596120730042457,7.731795072555542,False,0.0122805572320057,0.0343678556716643,1.824572154927312,24.92967587628031,2.9057178296078026
main,NB04,0.5,CTC + I,fHYBRID,175,1,1.6,0.0,0.5186238288879395,0.0596120730042457,3.4182167053222656,False,0.0808878674744265,0.2726320989461546,1.284370451873092,57.42531934260245,3.4731606255213023
main,NB04,0.5,CTC + I,fHYBRID,175,1,1.6,6.0,0.5186238288879395,0.0596120730042457,3.4998373985290527,False,4.366464999776599,17.182802178778665,2.5246687485950896,121.75146960177769,5.0
main,NB04,0.5,CTC + I,MLP,175,2,6.4,0.0,,0.0,13.99938464164734,False,0.0187544648818441,0.0464195750232185,0.9065013743214332,5.5663100372004966,1.1674510289137874
main,NB04,0.5,CTC + I,MLP,175,2,6.4,6.0,,0.0,13.943426847457886,False,0.009695528668572,0.0230281205904052,1.7790242143797506,8.372283489135746,2.261365686436956
main,NB04,0.5,CTC + I,MLP,175,2,3.2,0.0,,0.0,6.722492456436157,False,0.0222392723296637,0.0537041575619611,0.9406879669364848,13.887574685248204,1.55950020233213
main,NB04,0.5,CTC + I,MLP,175,2,3.2,6.0,,0.0,6.786649227142334,False,0.017204192939849,0.0477949367410714,1.8245483577582968,24.83880974212888,2.904319534286316
main,NB04,0.5,CTC + I,MLP,175,2,1.6,0.0,,0.0,3.144098281860352,False,0.1495365135897278,0.5969788919004989,1.281409190020178,57.961386093730525,3.4852067529422817
main,NB04,0.5,CTC + I,MLP,175,2,1.6,6.0,,0.0,3.152315378189087,False,4.4948571756768105,17.308191454236947,2.533840561457463,120.3694032956734,5.0
main,NB04,0.5,CTC + I,HYBRID,175,2,6.4,0.0,,0.0,14.709755897521973,False,0.0179164771925656,0.0444681547275381,0.9065053506274235,5.553186934160186,1.1674494981920347
main,NB04,0.5,CTC + I,HYBRID,175,2,6.4,6.0,,0.0,14.739102602005005,False,0.0089638566482458,0.0218228428308226,1.7790266320627113,8.36644316505805,2.2613617886431654
main,NB04,0.5,CTC + I,HYBRID,175,2,3.2,0.0,,0.0,7.093859672546387,False,0.0228637073783313,0.0620969947575762,0.9406667305051126,13.90436348312798,1.5602848011317922
main,NB04,0.5,CTC + I,HYBRID,175,2,3.2,6.0,,0.0,7.118131399154663,False,0.0142671720026781,0.0419893882929244,1.824560961010256,24.83665875207141,2.904762389870388
main,NB04,0.5,CTC + I,HYBRID,175,2,1.6,0.0,,0.0,3.3238565921783447,False,0.0873107278887858,0.2929015368394058,1.2845479749196884,57.398320554634246,3.47373932827422
main,NB04,0.5,CTC + I,HYBRID,175,2,1.6,6.0,,0.0,3.397263526916504,False,4.385252435377673,17.256444849109876,2.524526397501045,121.78484569898475,5.0
main,NB04,0.5,CTC + I,PINN,175,2,6.4,0.0,,0.0,14.541034936904907,False,0.0184744490728333,0.0467622048259034,0.906499328639788,5.551928457252639,1.1674533247058956
main,NB04,0.5,CTC + I,PINN,175,2,6.4,6.0,,0.0,14.586854934692385,False,0.0093504605400231,0.0231076764231804,1.779022617470596,8.365304610284612,2.261365873410996
main,NB04,0.5,CTC + I,PINN,175,2,3.2,0.0,,0.0,7.055786371231079,False,0.0209044764201317,0.0544933667490534,0.9406725299117128,13.876177933026442,1.55914627744288
main,NB04,0.5,CTC + I,PINN,175,2,3.2,6.0,,0.0,7.043454647064209,False,0.0136354843341268,0.0380082681356621,1.824567329544893,24.81639590785796,2.905117774374494
main,NB04,0.5,CTC + I,PINN,175,2,1.6,0.0,,0.0,3.291959285736084,False,0.0707247013424537,0.2149616515762527,1.283914618097423,57.270044573940055,3.474580563542496
main,NB04,0.5,CTC + I,PINN,175,2,1.6,6.0,,0.0,3.27924919128418,False,4.365218740091475,17.238339462358383,2.523018611181478,121.66098380770302,5.0
main,NB04,0.5,CTC + I,fPINN,175,2,6.4,0.0,0.478329062461853,0.0543536357581615,15.195771217346191,False,0.0181318093389395,0.0488044641394591,0.9065032099253052,5.638074766498705,1.1674678511745484
main,NB04,0.5,CTC + I,fPINN,175,2,6.4,6.0,0.478329062461853,0.0543536357581615,15.293467044830322,False,0.0091250255379953,0.0241566563571154,1.7790253386801589,8.422114099925682,2.2613793346960374
main,NB04,0.5,CTC + I,fPINN,175,2,3.2,0.0,0.478329062461853,0.0543536357581615,7.21796727180481,False,0.0190343162554736,0.0532198495538738,0.9406848994699796,13.993448004279523,1.5595597945238766
main,NB04,0.5,CTC + I,fPINN,175,2,3.2,6.0,0.478329062461853,0.0543536357581615,7.169970989227295,False,0.0123852875664508,0.0341707917330347,1.824573064309522,24.904994632313045,2.905411326877009
main,NB04,0.5,CTC + I,fPINN,175,2,1.6,0.0,0.478329062461853,0.0543536357581615,3.3164079189300537,False,0.0684321080701621,0.209428816074567,1.283891221999686,57.261502052657534,3.4755818592179177
main,NB04,0.5,CTC + I,fPINN,175,2,1.6,6.0,0.478329062461853,0.0543536357581615,3.314459800720215,False,4.349877968989446,17.15799549845246,2.5234673473153446,121.45098026550664,5.0
main,NB04,0.5,CTC + I,fHYBRID,175,2,6.4,0.0,0.5101730227470398,0.0585421808063983,15.37808871269226,False,0.0172464325085576,0.0456566246103625,0.90650671546802,5.656095410388035,1.1674618068595437
main,NB04,0.5,CTC + I,fHYBRID,175,2,6.4,6.0,0.5101730227470398,0.0585421808063983,15.330032110214232,False,0.0087094629303657,0.0230213642858886,1.7790276214251632,8.433096495483579,2.2613729675302343
main,NB04,0.5,CTC + I,fHYBRID,175,2,3.2,0.0,0.5101730227470398,0.0585421808063983,7.215755224227905,False,0.0194142237205906,0.0564819680391839,0.9406840465707764,14.02824372824923,1.560930258335276
main,NB04,0.5,CTC + I,fHYBRID,175,2,3.2,6.0,0.5101730227470398,0.0585421808063983,8.195427417755127,False,0.0125329000046012,0.0352062503721674,1.8245715614446176,24.92313337322528,2.905619569501584
main,NB04,0.5,CTC + I,fHYBRID,175,2,1.6,0.0,0.5101730227470398,0.0585421808063983,3.416048288345337,False,0.0845991424256206,0.2860005450623756,1.284431054833422,57.4284985032789,3.473287921364922
main,NB04,0.5,CTC + I,fHYBRID,175,2,1.6,6.0,0.5101730227470398,0.0585421808063983,3.410518884658813,False,4.366544047160745,17.183458713555307,2.524694861216883,121.77295443080672,5.0
main,NB04,0.5,CTC + I,MLP,175,3,6.4,0.0,,0.0,14.04625153541565,False,0.0187177261844254,0.0461512372448899,0.906498078745946,5.558926217681642,1.167447207351258
main,NB04,0.5,CTC + I,MLP,175,3,6.4,6.0,,0.0,14.114649295806885,False,0.0097754752962608,0.0231051685119338,1.7790218790590078,8.364948438690789,2.261363376838696
main,NB04,0.5,CTC + I,MLP,175,3,3.2,0.0,,0.0,6.765462636947632,False,0.0215603968686157,0.0640503243996983,0.9406855172853223,13.870320938765836,1.558144725632927
main,NB04,0.5,CTC + I,MLP,175,3,3.2,6.0,,0.0,6.766836643218994,False,0.0153680688449361,0.0414879460417341,1.8245601575161612,24.835534462547912,2.9035834660756707
main,NB04,0.5,CTC + I,MLP,175,3,1.6,0.0,,0.0,3.19856858253479,False,0.1318891951933275,0.5577882782789707,1.2819536748975568,58.01845116380103,3.492378310963753
main,NB04,0.5,CTC + I,MLP,175,3,1.6,6.0,,0.0,3.210633516311645,False,4.493700265967178,17.268134483407277,2.5344802719625883,122.17491537774146,5.0
main,NB04,0.5,CTC + I,HYBRID,175,3,6.4,0.0,,0.0,14.829838514328005,False,0.0179562838082316,0.0445253797936348,0.9065055595788196,5.552540272909633,1.1674489666882155
main,NB04,0.5,CTC + I,HYBRID,175,3,6.4,6.0,,0.0,14.774078369140623,False,0.008984899480736,0.0218361985703947,1.7790267876544144,8.366261722727643,2.2613609616865733
main,NB04,0.5,CTC + I,HYBRID,175,3,3.2,0.0,,0.0,7.163865566253662,False,0.0223670907357505,0.0591162093896432,0.9406667913735376,13.901539499034438,1.5601552339671567
main,NB04,0.5,CTC + I,HYBRID,175,3,3.2,6.0,,0.0,7.144476652145386,False,0.0140978974901652,0.0409383818934124,1.8245607244807944,24.83413322646612,2.904913109229057
main,NB04,0.5,CTC + I,HYBRID,175,3,1.6,0.0,,0.0,3.338580369949341,False,0.0864510442453822,0.2910480282408352,1.284550962755771,57.393015247416685,3.474385795331058
main,NB04,0.5,CTC + I,HYBRID,175,3,1.6,6.0,,0.0,3.33548903465271,False,4.381521572314744,17.245817142851788,2.524553524565911,121.75587187579175,5.0
main,NB04,0.5,CTC + I,PINN,175,3,6.4,0.0,,0.0,14.681357860565186,False,0.0183913318273622,0.0475519585009747,0.9064989763064432,5.551918485037907,1.1674523122339378
main,NB04,0.5,CTC + I,PINN,175,3,6.4,6.0,,0.0,14.589382886886597,False,0.0093503530202103,0.0227416723056408,1.7790222340985526,8.360712335303504,2.261365420429686
main,NB04,0.5,CTC + I,PINN,175,3,3.2,0.0,,0.0,7.069417715072632,False,0.0209998491171314,0.0544779192255518,0.9406754102500928,13.869573107839926,1.558569755263492
main,NB04,0.5,CTC + I,PINN,175,3,3.2,6.0,,0.0,7.037998199462891,False,0.0131226537008916,0.033270478230889,1.824570554909586,24.79648243136065,2.904914558416124
main,NB04,0.5,CTC + I,PINN,175,3,1.6,0.0,,0.0,3.3092687129974365,False,0.0769006272408989,0.2866444319534732,1.283784385634151,57.22190701392168,3.485429622809348
main,NB04,0.5,CTC + I,PINN,175,3,1.6,6.0,,0.0,3.3154826164245605,False,4.381575942281668,17.282278893200402,2.5238524458476297,121.62335353677008,5.0
main,NB04,0.5,CTC + I,fPINN,175,3,6.4,0.0,0.4957367479801178,0.0560365244746208,15.20133662223816,False,0.0180149565290016,0.0485913199128035,0.9065013040329272,5.647429685459075,1.167460613852341
main,NB04,0.5,CTC + I,fPINN,175,3,6.4,6.0,0.4957367479801178,0.0560365244746208,15.222396850585938,False,0.0091831851835912,0.023668158989393,1.7790238862357095,8.425587832249388,2.261373916609647
main,NB04,0.5,CTC + I,fPINN,175,3,3.2,0.0,0.4957367479801178,0.0560365244746208,7.21192479133606,False,0.0189825682207023,0.0464066230964037,0.9406915801615042,13.995033320873198,1.5591036888756835
main,NB04,0.5,CTC + I,fPINN,175,3,3.2,6.0,0.4957367479801178,0.0560365244746208,7.18897271156311,False,0.0118945455922866,0.029690829576116,1.8245788685831132,24.89612197376757,2.905261826812658
main,NB04,0.5,CTC + I,fPINN,175,3,1.6,0.0,0.4957367479801178,0.0560365244746208,3.3138632774353027,False,0.0831569953415017,0.2576774085839953,1.284224290488785,57.340543296407375,3.4813902414904465
main,NB04,0.5,CTC + I,fPINN,175,3,1.6,6.0,0.4957367479801178,0.0560365244746208,3.3462555408477783,False,4.369818084127838,17.25952134892961,2.52359538502392,121.82999510398024,5.0
main,NB04,0.5,CTC + I,fHYBRID,175,3,6.4,0.0,0.5063334107398987,0.0582728038231531,15.400843381881714,False,0.0172649480046714,0.0456175091390811,0.906506784308706,5.653674497875244,1.1674613885866123
main,NB04,0.5,CTC + I,fHYBRID,175,3,6.4,6.0,0.5063334107398987,0.0582728038231531,15.306981563568115,False,0.0087186074566754,0.0231447439296568,1.7790276404727612,8.431431146592981,2.2613725306096275
main,NB04,0.5,CTC + I,fHYBRID,175,3,3.2,0.0,0.5063334107398987,0.0582728038231531,7.340698957443237,False,0.0189940828638179,0.0528221889949977,0.9406841448604228,14.025554067863307,1.5605338412137335
main,NB04,0.5,CTC + I,fHYBRID,175,3,3.2,6.0,0.5063334107398987,0.0582728038231531,7.285143375396728,False,0.0123680549479747,0.0337528511501338,1.8245716264873475,24.9212313010638,2.905519298274965
main,NB04,0.5,CTC + I,fHYBRID,175,3,1.6,0.0,0.5063334107398987,0.0582728038231531,3.361236810684204,False,0.0815867142656085,0.2726719713969844,1.2844266942433176,57.42679694802715,3.474663357221045
main,NB04,0.5,CTC + I,fHYBRID,175,3,1.6,6.0,0.5063334107398987,0.0582728038231531,3.359213590621948,False,4.367001044072234,17.18078117005922,2.524607146469472,121.7257021144157,5.0
main,NB04,0.5,CTC + I,MLP,175,4,6.4,0.0,,0.0,14.05979585647583,False,0.0187560966373135,0.0450149004418471,0.9064987218524132,5.562874048218714,1.167447992466361
main,NB04,0.5,CTC + I,MLP,175,4,6.4,6.0,,0.0,13.965888261795044,False,0.0098609827343767,0.0229189942861175,1.7790216288838108,8.363080953488629,2.261360810870212
main,NB04,0.5,CTC + I,MLP,175,4,3.2,0.0,,0.0,6.7211878299713135,False,0.0209965354813876,0.0573976087656001,0.940692415659633,13.893185037963796,1.5587769228821249
main,NB04,0.5,CTC + I,MLP,175,4,3.2,6.0,,0.0,6.722482681274414,False,0.0156732600356093,0.0488859219369193,1.8245556207403708,24.827192038361687,2.904793712640242
main,NB04,0.5,CTC + I,MLP,175,4,1.6,0.0,,0.0,3.1292827129364014,False,0.1353257147498187,0.5644991103432195,1.2817600798584796,58.25508889315883,3.4842348858492977
main,NB04,0.5,CTC + I,MLP,175,4,1.6,6.0,,0.0,3.189563274383545,False,4.487453399741638,17.17194359557639,2.5324057047713318,120.61065278625892,5.0
main,NB04,0.5,CTC + I,HYBRID,175,4,6.4,0.0,,0.0,14.887897491455078,False,0.0179821263185942,0.0445446564500927,0.906505092005411,5.553375865149855,1.167449458396723
main,NB04,0.5,CTC + I,HYBRID,175,4,6.4,6.0,,0.0,14.807099103927612,False,0.0089824293694453,0.0219343357762495,1.7790264845928387,8.366848155777195,2.2613617741695893
main,NB04,0.5,CTC + I,HYBRID,175,4,3.2,0.0,,0.0,7.544604301452637,False,0.0228576236615002,0.0594510258322024,0.9406687569122066,13.904382545407916,1.5601113662678578
main,NB04,0.5,CTC + I,HYBRID,175,4,3.2,6.0,,0.0,7.345807790756226,False,0.0142787333805683,0.0407530617170148,1.8245622435191289,24.838300556087383,2.904835500774713
main,NB04,0.5,CTC + I,HYBRID,175,4,1.6,0.0,,0.0,3.429581880569458,False,0.0861943837195577,0.2837308986269554,1.2844832612543775,57.39222591217958,3.473006324187863
main,NB04,0.5,CTC + I,HYBRID,175,4,1.6,6.0,,0.0,3.3462882041931152,False,4.380452337731585,17.232929265464723,2.5244587252684174,121.71875259453768,5.0
main,NB04,0.5,CTC + I,PINN,175,4,6.4,0.0,,0.0,14.661351680755615,False,0.0183930567509703,0.0481284787890224,0.906500479672248,5.551219929021918,1.1674586819785946
main,NB04,0.5,CTC + I,PINN,175,4,6.4,6.0,,0.0,14.702703714370728,False,0.0092387691634048,0.0236474385990519,1.7790235802292051,8.362343573363818,2.261373358864501
main,NB04,0.5,CTC + I,PINN,175,4,3.2,0.0,,0.0,7.101130962371826,False,0.0214806473513648,0.0543024671331404,0.940665336080726,13.885361938023308,1.5597435241749538
main,NB04,0.5,CTC + I,PINN,175,4,3.2,6.0,,0.0,7.123086929321289,False,0.0133917705577384,0.0359938271109552,1.8245605994407128,24.81379217642646,2.905828973842781
main,NB04,0.5,CTC + I,PINN,175,4,1.6,0.0,,0.0,3.3243744373321533,False,0.0747007275874463,0.2136748857294698,1.2839004329372363,57.34623121985975,3.486425239176981
main,NB04,0.5,CTC + I,PINN,175,4,1.6,6.0,,0.0,3.305021286010742,False,4.405214327940723,17.35042066635735,2.5234614725247337,122.05143179583791,5.0
main,NB04,0.5,CTC + I,fPINN,175,4,6.4,0.0,0.4799188375473022,0.0544225946068763,15.24248480796814,False,0.0180481678984545,0.0488725493426315,0.9065027822019752,5.639385300182977,1.1674682618065768
main,NB04,0.5,CTC + I,fPINN,175,4,6.4,6.0,0.4799188375473022,0.0544225946068763,15.229321002960203,False,0.0091340648382558,0.0240774435930789,1.779025142826696,8.42189697940507,2.2613796216297937
main,NB04,0.5,CTC + I,fPINN,175,4,3.2,0.0,0.4799188375473022,0.0544225946068763,7.246425151824951,False,0.0198645851721381,0.0523080685592694,0.94068559828263,13.998851379743332,1.5603561708256437
main,NB04,0.5,CTC + I,fPINN,175,4,3.2,6.0,0.4799188375473022,0.0544225946068763,7.231488227844238,False,0.0124961318567249,0.0339449273254388,1.8245730938484788,24.905380543717307,2.9058333741772
main,NB04,0.5,CTC + I,fPINN,175,4,1.6,0.0,0.4799188375473022,0.0544225946068763,3.340970516204834,False,0.0663331983985727,0.1901224487783163,1.284048152863729,57.37880584117292,3.4726401843293395
main,NB04,0.5,CTC + I,fPINN,175,4,1.6,6.0,0.4799188375473022,0.0544225946068763,3.340904951095581,False,4.381764374569021,17.246993656907268,2.5237756294563307,121.7594943424184,5.0
main,NB04,0.5,CTC + I,fHYBRID,175,4,6.4,0.0,0.5109434723854065,0.0578138617177804,15.409359693527222,False,0.0172724318302958,0.0458570730384714,0.906506750384222,5.654103761961872,1.1674621269372116
main,NB04,0.5,CTC + I,fHYBRID,175,4,6.4,6.0,0.5109434723854065,0.0578138617177804,15.39083170890808,False,0.0087164932729215,0.0231836471387125,1.779027615353399,8.43233555954069,2.2613730928718305
main,NB04,0.5,CTC + I,fHYBRID,175,4,3.2,0.0,0.5109434723854065,0.0578138617177804,7.2770655155181885,False,0.0191299965709048,0.0507536653157221,0.9406853652114892,14.026726363246652,1.560959667006204
main,NB04,0.5,CTC + I,fHYBRID,175,4,3.2,6.0,0.5109434723854065,0.0578138617177804,7.303566932678223,False,0.0124051367671013,0.0345347428351688,1.8245723902509547,24.924343345219384,2.905572147142492
main,NB04,0.5,CTC + I,fHYBRID,175,4,1.6,0.0,0.5109434723854065,0.0578138617177804,3.3600594997406006,False,0.0827386510429915,0.2754455216448327,1.284409963247906,57.42878250224291,3.472134794243982
main,NB04,0.5,CTC + I,fHYBRID,175,4,1.6,6.0,0.5109434723854065,0.0578138617177804,3.379795789718628,False,4.364500207452655,17.17287351280531,2.524707673775769,121.75601629984092,5.0
main,NB04,0.5,CTC + I,MLP,35,0,6.4,0.0,,0.0,13.974949836730955,False,0.0282639755217909,0.0838443476099745,0.9065016922805896,5.569925730645381,1.1674797596854152
main,NB04,0.5,CTC + I,MLP,35,0,6.4,6.0,,0.0,14.31147074699402,False,0.0152448080945515,0.046313775685669,1.7790269041194706,8.387354837067232,2.261374696657853
main,NB04,0.5,CTC + I,MLP,35,0,3.2,0.0,,0.0,6.722498416900635,False,0.0584853638915663,0.2129735089825876,0.940709899692317,13.911803056188964,1.558379032235649
main,NB04,0.5,CTC + I,MLP,35,0,3.2,6.0,,0.0,6.765378475189209,False,0.0357972338769515,0.1201219799050292,1.8245572472772789,24.970875620721834,2.908806664258578
main,NB04,0.5,CTC + I,MLP,35,0,1.6,0.0,,0.0,3.129227876663208,False,0.2212380541918183,0.6592978768294424,1.280282776335251,58.20319283010572,3.489937864214781
main,NB04,0.5,CTC + I,MLP,35,0,1.6,6.0,,0.0,3.149620294570923,False,4.46992159971074,17.13926355936553,2.536981050171167,119.82068275037052,5.0
main,NB04,0.5,CTC + I,HYBRID,35,0,6.4,0.0,,0.0,14.737314224243164,False,0.0185188254446905,0.0494806035722006,0.906505150479854,5.550719051587501,1.167449864186452
main,NB04,0.5,CTC + I,HYBRID,35,0,6.4,6.0,,0.0,14.733395099639893,False,0.0095975496611971,0.0242276678321193,1.7790263795231471,8.360932080671482,2.261362565301607
main,NB04,0.5,CTC + I,HYBRID,35,0,3.2,0.0,,0.0,7.127651214599609,False,0.0243205009173075,0.0578728815207913,0.940679897033644,13.903202115839864,1.561017784470391
main,NB04,0.5,CTC + I,HYBRID,35,0,3.2,6.0,,0.0,7.18289589881897,False,0.0144759609172944,0.0372238429445452,1.8245703613327693,24.825634951455196,2.905129052389143
main,NB04,0.5,CTC + I,HYBRID,35,0,1.6,0.0,,0.0,3.3832225799560547,False,0.0891032266960966,0.3099307936190308,1.2844611967556137,57.3657785053998,3.4734114433679038
main,NB04,0.5,CTC + I,HYBRID,35,0,1.6,6.0,,0.0,3.318744659423828,False,4.391394033203531,17.23105342449697,2.524211170824848,121.84326050829652,5.0
main,NB04,0.5,CTC + I,PINN,35,0,6.4,0.0,,0.0,14.59090805053711,False,0.0209584466625164,0.0543824618397073,0.9064989681844166,5.548047318008762,1.1674692759962926
main,NB04,0.5,CTC + I,PINN,35,0,6.4,6.0,,0.0,14.601929426193236,False,0.0107696786318974,0.0261329349675798,1.7790235523154216,8.363958167341476,2.2613660718244475
main,NB04,0.5,CTC + I,PINN,35,0,3.2,0.0,,0.0,7.059695243835449,False,0.0302664452129888,0.0753164629402431,0.9406785760797716,13.857893830717844,1.5609527730514323
main,NB04,0.5,CTC + I,PINN,35,0,3.2,6.0,,0.0,7.169333219528198,False,0.0188821727702422,0.047779683170636,1.8245683549002976,24.81126093925365,2.9075237965828418
main,NB04,0.5,CTC + I,PINN,35,0,1.6,0.0,,0.0,3.353679656982422,False,0.0973162492574981,0.330468903183461,1.282862157932214,57.00584629895975,3.501042601725519
main,NB04,0.5,CTC + I,PINN,35,0,1.6,6.0,,0.0,3.350125551223755,False,4.3996523110765375,17.475645469504983,2.520300096856329,121.37320762735334,5.0
main,NB04,0.5,CTC + I,fPINN,35,0,6.4,0.0,0.5935105085372925,0.062221893419822,15.24224066734314,False,0.0222559095225844,0.0617575182833756,0.9065056055570636,5.694939239614596,1.167474701601981
main,NB04,0.5,CTC + I,fPINN,35,0,6.4,6.0,0.5935105085372925,0.062221893419822,15.309577465057371,False,0.0113057290246427,0.0298870256183677,1.7790279792377068,8.471029071630774,2.261375616393994
main,NB04,0.5,CTC + I,fPINN,35,0,3.2,6.0,0.5935105085372925,0.062221893419822,7.237572193145752,False,0.0192509940224516,0.0570401656101985,1.8245775773069943,25.00902047549605,2.907656423408254
main,NB04,0.5,CTC + I,fPINN,35,0,1.6,0.0,0.5935105085372925,0.062221893419822,3.362785816192627,False,0.1026997503381636,0.4023988387617845,1.2824811287145643,57.217151084559006,3.481049538269562
main,NB04,0.5,CTC + I,fPINN,35,0,1.6,6.0,0.5935105085372925,0.062221893419822,3.366400241851806,False,4.335845150787181,17.209388631642753,2.520026050030183,120.89571952521698,5.0
main,NB04,0.5,CTC + I,fHYBRID,35,0,6.4,0.0,0.51178377866745,0.0568811347087224,15.36481475830078,False,0.0184419219791481,0.0507627041041432,0.9065062812475516,5.6534321394484905,1.1674611058038444
main,NB04,0.5,CTC + I,fHYBRID,35,0,6.4,6.0,0.51178377866745,0.0568811347087224,15.458758115768433,False,0.0094188123185503,0.0260810855878005,1.7790276902575946,8.428339336503647,2.261372757352008
main,NB04,0.5,CTC + I,fHYBRID,35,0,3.2,0.0,0.51178377866745,0.0568811347087224,7.269357681274414,False,0.0249466620364314,0.0743478984393686,0.9406946967659324,14.033196739682886,1.5617037116366608
main,NB04,0.5,CTC + I,fHYBRID,35,0,3.2,6.0,0.51178377866745,0.0568811347087224,7.242763519287109,False,0.0140897505151361,0.0406401178498304,1.824577334842176,24.92105812418004,2.90597772549088
main,NB04,0.5,CTC + I,fHYBRID,35,0,1.6,0.0,0.51178377866745,0.0568811347087224,3.353845596313477,False,0.0907995785779592,0.3546431518882647,1.284305751909903,57.44820107797955,3.4701974146830903
main,NB04,0.5,CTC + I,fHYBRID,35,0,1.6,6.0,0.51178377866745,0.0568811347087224,3.3690261840820312,False,4.374508481882329,17.155325894090023,2.524293163273976,121.78117487943456,5.0
main,NB04,0.5,CTC + I,MLP,35,1,6.4,0.0,,0.0,14.029510021209717,False,0.0282824702341221,0.0861308993043833,0.9065052014355416,5.586372612814759,1.167453519220943
main,NB04,0.5,CTC + I,MLP,35,1,6.4,6.0,,0.0,13.972453594207764,False,0.0173864525498449,0.0732770032466372,1.779028333781934,8.371759701464,2.2613860984507013
main,NB04,0.5,CTC + I,MLP,35,1,3.2,0.0,,0.0,6.74529242515564,False,0.0534466241159826,0.1873016966170008,0.9407147304964832,13.974467008276472,1.5620013949322913
main,NB04,0.5,CTC + I,MLP,35,1,3.2,6.0,,0.0,6.828081130981445,False,0.0442641932161313,0.1853128435592799,1.8245691500884027,24.925666055214915,2.9066333245467177
main,NB04,0.5,CTC + I,MLP,35,1,1.6,0.0,,0.0,3.1949539184570312,False,0.2320220288857489,0.7689934707962456,1.2799508413757317,58.803794096734975,3.461223287143808
main,NB04,0.5,CTC + I,MLP,35,1,1.6,6.0,,0.0,3.1788430213928223,False,4.51338516188763,17.498227232770542,2.5292175616606585,120.79254700098716,5.0
main,NB04,0.5,CTC + I,HYBRID,35,1,6.4,0.0,,0.0,14.9106285572052,False,0.0187318503616871,0.0512996631987476,0.9065045522172972,5.551055069012592,1.1674496687290523
main,NB04,0.5,CTC + I,HYBRID,35,1,6.4,6.0,,0.0,14.809274196624756,False,0.009622533394915,0.0238892945743166,1.7790258192434092,8.357529958802449,2.261362450467424
main,NB04,0.5,CTC + I,HYBRID,35,1,3.2,0.0,,0.0,7.151178598403931,False,0.0249361541354174,0.0728400437239577,0.9406816847072512,13.892671891700829,1.5601057649551673
main,NB04,0.5,CTC + I,HYBRID,35,1,3.2,6.0,,0.0,7.128918170928955,False,0.0150133077074072,0.0405850652032853,1.8245737222727123,24.816321996244756,2.9049635321045693
main,NB04,0.5,CTC + I,HYBRID,35,1,1.6,0.0,,0.0,3.3201913833618164,False,0.0934468184461889,0.3013438761892311,1.284424728629984,57.358113036189735,3.475748502034097
main,NB04,0.5,CTC + I,HYBRID,35,1,1.6,6.0,,0.0,3.372745990753174,False,4.38405674893462,17.221320279600278,2.524015323794297,121.87579219338868,5.0
main,NB04,0.5,CTC + I,PINN,35,1,6.4,0.0,,0.0,14.704952716827393,False,0.0242517551264912,0.0808940104996698,0.906503991643736,5.549406113678008,1.1674693845082154
main,NB04,0.5,CTC + I,PINN,35,1,6.4,6.0,,0.0,14.61296272277832,False,0.0130812598284247,0.0395574384885042,1.779026028990496,8.366372785170348,2.2613869077353965
main,NB04,0.5,CTC + I,PINN,35,1,3.2,0.0,,0.0,7.106308221817017,False,0.0345634323102646,0.1127539036087219,0.9406973543506272,13.87863942062268,1.5580031929668077
main,NB04,0.5,CTC + I,PINN,35,1,3.2,6.0,,0.0,7.150559663772583,False,0.0231114331397404,0.0719830596452007,1.8245688144363257,24.852301429474863,2.9057743341090028
main,NB04,0.5,CTC + I,PINN,35,1,1.6,0.0,,0.0,3.30003023147583,False,0.1756798796331896,0.7854177491635679,1.2836901838051369,57.49491887505093,3.4653844133243044
main,NB04,0.5,CTC + I,PINN,35,1,1.6,6.0,,0.0,3.3458025455474854,False,4.6099537636589965,17.559904842479487,2.52826186387378,120.95387927204564,5.0
main,NB04,0.5,CTC + I,fPINN,35,1,6.4,0.0,0.6048647165298462,0.0775067930420239,15.256409406661987,False,0.0296311883090744,0.0953844171347281,0.9065090305246822,5.776893761206619,1.1674636378950969
main,NB04,0.5,CTC + I,fPINN,35,1,6.4,6.0,0.6048647165298462,0.0775067930420239,15.263041257858276,False,0.0163459167296162,0.0518409905706544,1.779031518270861,8.523552712256135,2.261387850230008
main,NB04,0.5,CTC + I,fPINN,35,1,3.2,0.0,0.6048647165298462,0.0775067930420239,7.667757272720337,False,0.0545246333926159,0.167648235939689,0.940706694736325,14.238898659315698,1.556739077986909
main,NB04,0.5,CTC + I,fPINN,35,1,3.2,6.0,0.6048647165298462,0.0775067930420239,7.391803026199341,False,0.0313105348412356,0.0755968712653749,1.824561855389537,25.136533707514445,2.9042798676113333
main,NB04,0.5,CTC + I,fPINN,35,1,1.6,0.0,0.6048647165298462,0.0775067930420239,3.4107789993286133,False,0.1287995935910928,0.5093728371149931,1.2825391036528813,57.37300683832477,3.4478468875206616
main,NB04,0.5,CTC + I,fPINN,35,1,1.6,6.0,0.6048647165298462,0.0775067930420239,3.343026638031006,False,4.417583318009787,17.26914784081529,2.5256227715115864,122.16481171164516,5.0
main,NB04,0.5,CTC + I,fHYBRID,35,1,6.4,0.0,0.5570269227027893,0.0589199314514795,15.328059196472168,False,0.018311223700627,0.0502398127056677,0.9065067561346284,5.66937923142298,1.167458160993845
main,NB04,0.5,CTC + I,fHYBRID,35,1,6.4,6.0,0.5570269227027893,0.0589199314514795,15.38948130607605,False,0.0093577842184118,0.0257921725608532,1.779027860011934,8.438538871623798,2.261370242332974
main,NB04,0.5,CTC + I,fHYBRID,35,1,3.2,0.0,0.5570269227027893,0.0589199314514795,7.286778688430786,False,0.0240156427540136,0.0684281750106054,0.9406963428099078,14.062327719956292,1.5614907902408712
main,NB04,0.5,CTC + I,fHYBRID,35,1,3.2,6.0,0.5570269227027893,0.0589199314514795,7.271198034286499,False,0.0138764346403693,0.0400970656921172,1.8245787812510972,24.940197547047283,2.906116300483848
main,NB04,0.5,CTC + I,fHYBRID,35,1,1.6,0.0,0.5570269227027893,0.0589199314514795,3.367892980575561,False,0.0896940744131953,0.3375336279122223,1.2842052535820951,57.47168597778736,3.4734847523493846
main,NB04,0.5,CTC + I,fHYBRID,35,1,1.6,6.0,0.5570269227027893,0.0589199314514795,3.368960380554199,False,4.372514874869998,17.162309677604327,2.52423372930882,121.8070084196739,5.0
main,NB04,0.5,CTC + I,MLP,35,2,6.4,0.0,,0.0,13.947040557861328,False,0.0335614639085603,0.0989636414281601,0.9065088793495564,5.591234869670503,1.1674835932663024
main,NB04,0.5,CTC + I,MLP,35,2,6.4,6.0,,0.0,14.02622413635254,False,0.0171766491092837,0.0484639756145152,1.7790317150924482,8.395508731437141,2.261389602859808
main,NB04,0.5,CTC + I,MLP,35,2,3.2,0.0,,0.0,6.760832071304321,False,0.0753536325955548,0.3124699811882536,0.9406965618426684,13.99898125224965,1.557348433951014
main,NB04,0.5,CTC + I,MLP,35,2,3.2,6.0,,0.0,6.737281560897827,False,0.043069388966126,0.1240887532284084,1.824569034280026,25.02637265266631,2.904414291471549
main,NB04,0.5,CTC + I,MLP,35,2,1.6,0.0,,0.0,3.1476104259490967,False,0.2181610503291919,0.7680554134628632,1.2805648301823882,58.85924881077791,3.4791041513155534
main,NB04,0.5,CTC + I,MLP,35,2,1.6,6.0,,0.0,3.1484498977661133,False,4.783221020726884,18.04461923716397,2.534264823107784,122.23368762887858,5.0
main,NB04,0.5,CTC + I,HYBRID,35,2,6.4,0.0,,0.0,14.71793532371521,False,0.0186876083414186,0.0503457246845533,0.9065046353602711,5.552621615286939,1.167450737734531
main,NB04,0.5,CTC + I,HYBRID,35,2,6.4,6.0,,0.0,14.774723052978516,False,0.0095921611524989,0.0247382429144225,1.7790260586406463,8.361545193995175,2.2613642582927747
main,NB04,0.5,CTC + I,HYBRID,35,2,3.2,0.0,,0.0,7.130422592163086,False,0.0270579149684563,0.0757616109587692,0.9406792213146028,13.901383017733972,1.5609089327332748
main,NB04,0.5,CTC + I,HYBRID,35,2,3.2,6.0,,0.0,7.150873422622681,False,0.0153740558459542,0.0425710674285204,1.824572685381882,24.8209239041152,2.905808017489112
main,NB04,0.5,CTC + I,HYBRID,35,2,1.6,0.0,,0.0,3.3520171642303467,False,0.0956284585890072,0.3382363419576288,1.284530101938973,57.37078052214916,3.478769447824887
main,NB04,0.5,CTC + I,HYBRID,35,2,1.6,6.0,,0.0,3.359956741333008,False,4.392209487944655,17.220073775732093,2.524394631662582,121.78839071854422,5.0
main,NB04,0.5,CTC + I,PINN,35,2,6.4,0.0,,0.0,14.639121294021606,False,0.025112070863485,0.0671151193300357,0.9065017831544496,5.55883569761186,1.167484709745966
main,NB04,0.5,CTC + I,PINN,35,2,6.4,6.0,,0.0,14.664961814880373,False,0.0128258781681273,0.0322702270855973,1.7790269735093822,8.37310109476618,2.2613720364046017
main,NB04,0.5,CTC + I,PINN,35,2,3.2,0.0,,0.0,7.056710958480835,False,0.0384313971559039,0.1054639541567093,0.9406896998890352,13.898066386963842,1.560206400442731
main,NB04,0.5,CTC + I,PINN,35,2,3.2,6.0,,0.0,7.039766311645508,False,0.0210799954757968,0.0593357652238469,1.824569681961495,24.84825795840259,2.908730556072995
main,NB04,0.5,CTC + I,PINN,35,2,1.6,0.0,,0.0,3.335890769958496,False,0.1479706921233413,0.5348509406428078,1.2835545784138496,56.70810479911974,3.464194667245218
main,NB04,0.5,CTC + I,PINN,35,2,1.6,6.0,,0.0,3.348906993865967,False,4.454345520576454,17.3688909211038,2.522967774170382,121.94105152534058,5.0
main,NB04,0.5,CTC + I,fPINN,35,2,6.4,0.0,0.537186324596405,0.0558463645478089,15.343730211257936,False,0.0207308669290369,0.0594802031781039,0.9065014004114051,5.661621609027752,1.1674733211387671
main,NB04,0.5,CTC + I,fPINN,35,2,6.4,6.0,0.537186324596405,0.0558463645478089,15.229803323745728,False,0.0106652244947923,0.0276755644761952,1.7790261309863344,8.447998986060632,2.261372449228824
main,NB04,0.5,CTC + I,fPINN,35,2,3.2,0.0,0.537186324596405,0.0558463645478089,7.194007873535156,False,0.0301036428041399,0.0834719731087772,0.9407045917004496,14.025218620288836,1.5606650581804025
main,NB04,0.5,CTC + I,fPINN,35,2,3.2,6.0,0.537186324596405,0.0558463645478089,7.232200384140015,False,0.017341706013639,0.0413451665177382,1.8245676159028408,24.96234715385991,2.907039911049089
main,NB04,0.5,CTC + I,fPINN,35,2,1.6,0.0,0.537186324596405,0.0558463645478089,3.329045295715332,False,0.1165603896016816,0.3996451277980115,1.2834669887625452,57.26194871858485,3.474718084557517
main,NB04,0.5,CTC + I,fPINN,35,2,1.6,6.0,0.537186324596405,0.0558463645478089,3.469359874725342,False,4.397464501712535,17.230990352568146,2.5227461005781384,122.29490290994846,5.0
main,NB04,0.5,CTC + I,fHYBRID,35,2,6.4,0.0,0.5458064079284668,0.0584078642229239,15.292300462722778,False,0.0182956090989458,0.050385016430481,0.906505505054749,5.6656149998951655,1.1674603040185263
main,NB04,0.5,CTC + I,fHYBRID,35,2,6.4,6.0,0.5458064079284668,0.0584078642229239,15.501293182373049,False,0.0093157460793982,0.0259393578030441,1.779027244692004,8.436238317872306,2.2613719608174314
main,NB04,0.5,CTC + I,fHYBRID,35,2,3.2,0.0,0.5458064079284668,0.0584078642229239,7.269982814788818,False,0.0240780234655267,0.0684578726006243,0.9406902908670576,14.05545435142295,1.5613824040088395
main,NB04,0.5,CTC + I,fHYBRID,35,2,3.2,6.0,0.5458064079284668,0.0584078642229239,7.374964952468872,False,0.0137282050987893,0.0383578169778801,1.8245744540711104,24.9339375392472,2.906191772657836
main,NB04,0.5,CTC + I,fHYBRID,35,2,1.6,0.0,0.5458064079284668,0.0584078642229239,3.3689095973968506,False,0.0900037681384336,0.339870381118065,1.2843023993913694,57.46861346678477,3.47454135591442
main,NB04,0.5,CTC + I,fHYBRID,35,2,1.6,6.0,0.5458064079284668,0.0584078642229239,3.3560402393341064,False,4.37254671180832,17.162605510467294,2.5241787753553058,121.8858919842248,5.0
main,NB04,0.5,CTC + I,MLP,35,3,6.4,0.0,,0.0,14.041039228439333,False,0.0273247288014595,0.069383448668418,0.9065051929860766,5.58756449304943,1.1674464609975426
main,NB04,0.5,CTC + I,MLP,35,3,6.4,6.0,,0.0,14.041457176208496,False,0.0150076050491348,0.0480167936199046,1.779027843583422,8.36831116186417,2.2613711495016293
main,NB04,0.5,CTC + I,MLP,35,3,3.2,0.0,,0.0,6.729669094085693,False,0.0518105457199846,0.1498569082248768,0.9406679841617916,13.978263730525434,1.554901818970449
main,NB04,0.5,CTC + I,MLP,35,3,3.2,6.0,,0.0,6.7344958782196045,False,0.0324246160937107,0.1013781802211503,1.824541272655019,24.93493119624652,2.907019702918168
main,NB04,0.5,CTC + I,MLP,35,3,1.6,0.0,,0.0,3.157339334487915,False,0.2151660689678909,0.7672177828258916,1.2791592106902356,58.37245965816096,3.4838126231504587
main,NB04,0.5,CTC + I,MLP,35,3,1.6,6.0,,0.0,3.1588683128356934,False,4.535130788025342,17.37468641928262,2.538386624357007,122.05867625067232,5.0
main,NB04,0.5,CTC + I,HYBRID,35,3,6.4,0.0,,0.0,14.7401442527771,False,0.0186395652895139,0.0498630184072767,0.9065052880454936,5.550564379381575,1.1674486583739063
main,NB04,0.5,CTC + I,HYBRID,35,3,6.4,6.0,,0.0,14.784300565719604,False,0.0095717565672106,0.0244855645876763,1.779026370581967,8.36068077294152,2.261363179969517
main,NB04,0.5,CTC + I,HYBRID,35,3,3.2,0.0,,0.0,7.318871021270752,False,0.0250463732530244,0.0606921335145695,0.9406807319026808,13.902091543721395,1.5607906024582427
main,NB04,0.5,CTC + I,HYBRID,35,3,3.2,6.0,,0.0,7.16483998298645,False,0.0146429837703974,0.0387923942422363,1.824571929417522,24.82217740311408,2.9056093983288647
main,NB04,0.5,CTC + I,HYBRID,35,3,1.6,0.0,,0.0,3.3437745571136475,False,0.0914540542684869,0.3151040654462094,1.2844329935976542,57.369791064280136,3.477694760958166
main,NB04,0.5,CTC + I,HYBRID,35,3,1.6,6.0,,0.0,3.3740074634552,False,4.391678070383542,17.2305242690014,2.524226392410455,121.8522466804244,5.0
main,NB04,0.5,CTC + I,PINN,35,3,6.4,0.0,,0.0,14.668973684310911,False,0.0220173368987151,0.0596809920651614,0.9065007421221836,5.54882104304073,1.167451013232353
main,NB04,0.5,CTC + I,PINN,35,3,6.4,6.0,,0.0,14.675660848617554,False,0.0114226495251171,0.0322036923481454,1.779023842466269,8.363821046051868,2.2613663178998458
main,NB04,0.5,CTC + I,PINN,35,3,3.2,0.0,,0.0,7.724474430084228,False,0.0333589086829562,0.1237344263177809,0.940691882493222,13.86720566595061,1.5599047193527928
main,NB04,0.5,CTC + I,PINN,35,3,3.2,6.0,,0.0,8.284130096435547,False,0.0199952919865725,0.0559516828699691,1.824563822452456,24.80087279661512,2.9055170138373256
main,NB04,0.5,CTC + I,PINN,35,3,1.6,0.0,,0.0,3.519752025604248,False,0.0942586757809592,0.3215908789528072,1.2830627424569483,57.36109735460335,3.490680893831481
main,NB04,0.5,CTC + I,PINN,35,3,1.6,6.0,,0.0,3.406625747680664,False,4.400563567168668,17.250283448486968,2.5263463852373245,121.44310459879674,5.0
main,NB04,0.5,CTC + I,fPINN,35,3,6.4,0.0,0.567318856716156,0.0627587089935938,15.240564823150637,False,0.0240563758468925,0.0668242711189714,0.9065052147298543,5.695874012034579,1.167453386752162
main,NB04,0.5,CTC + I,fPINN,35,3,6.4,6.0,0.567318856716156,0.0627587089935938,15.246690034866331,False,0.0128339788441932,0.0367487670691748,1.7790268623832248,8.467494128743887,2.2613649135384537
main,NB04,0.5,CTC + I,fPINN,35,3,3.2,0.0,0.567318856716156,0.0627587089935938,7.246869325637817,False,0.0332778306455604,0.0868349376947243,0.9407141838998896,14.105281577864018,1.559784683032733
main,NB04,0.5,CTC + I,fPINN,35,3,3.2,6.0,0.567318856716156,0.0627587089935938,7.207839250564575,False,0.0211896690273424,0.0556349060916519,1.8245723355433945,24.999305871829208,2.905564867012908
main,NB04,0.5,CTC + I,fPINN,35,3,1.6,0.0,0.567318856716156,0.0627587089935938,3.3362810611724854,False,0.1173713814121636,0.4031865118659827,1.2828848752046582,57.502944782790735,3.482622613777911
main,NB04,0.5,CTC + I,fPINN,35,3,1.6,6.0,0.567318856716156,0.0627587089935938,3.3307859897613525,False,4.306294299155688,17.01984015335602,2.5253163375836927,121.07021289368105,5.0
main,NB04,0.5,CTC + I,fHYBRID,35,3,6.4,0.0,0.5640036463737488,0.0593516466518243,15.345009088516235,False,0.0182571235048469,0.04998716070557,0.9065063684650864,5.671425303114065,1.167459545983636
main,NB04,0.5,CTC + I,fHYBRID,35,3,6.4,6.0,0.5640036463737488,0.0593516466518243,15.276556015014648,False,0.0093393631315141,0.025560399020935,1.7790275560318258,8.44003130253708,2.261370662587413
main,NB04,0.5,CTC + I,fHYBRID,35,3,3.2,0.0,0.5640036463737488,0.0593516466518243,7.293514251708984,False,0.0233840238629641,0.06664994660676,0.9406943765025289,14.067829742917567,1.561358312642297
main,NB04,0.5,CTC + I,fHYBRID,35,3,3.2,6.0,0.5640036463737488,0.0593516466518243,7.249128103256226,False,0.0136702578327676,0.039445774627386,1.8245772766838624,24.94381751711524,2.9062118981673253
main,NB04,0.5,CTC + I,fHYBRID,35,3,1.6,0.0,0.5640036463737488,0.0593516466518243,3.359501600265503,False,0.0886428376306763,0.327721164562098,1.2842722908183342,57.478330234606666,3.473559953989529
main,NB04,0.5,CTC + I,fHYBRID,35,3,1.6,6.0,0.5640036463737488,0.0593516466518243,3.3872148990631104,False,4.368441001059185,17.14719099233823,2.5242924589474898,121.8339860314302,5.0
main,NB04,0.5,CTC + I,MLP,35,4,6.4,0.0,,0.0,14.089822053909302,False,0.0250721623013123,0.066653019798006,0.90649886852437,5.5716248017820105,1.167468919845305
main,NB04,0.5,CTC + I,MLP,35,4,6.4,6.0,,0.0,14.464293003082275,False,0.0141033832472272,0.0424843277717826,1.7790254057787025,8.382731089003284,2.2613777176385965
main,NB04,0.5,CTC + I,MLP,35,4,3.2,0.0,,0.0,7.033332109451294,False,0.0413029087325471,0.119308002546311,0.940689502823953,13.920322082294977,1.558383609199984
main,NB04,0.5,CTC + I,MLP,35,4,3.2,6.0,,0.0,6.74901270866394,False,0.0281476632284479,0.0892614745401197,1.824540100583503,24.86346957630177,2.906689107726177
main,NB04,0.5,CTC + I,MLP,35,4,1.6,0.0,,0.0,3.148385763168335,False,0.1854846113467813,0.6792150842853462,1.2804389434663557,58.48848662235604,3.482775889941272
main,NB04,0.5,CTC + I,MLP,35,4,1.6,6.0,,0.0,3.158164501190185,False,4.630285937522196,17.513030832904512,2.5367875620731657,120.6723707323988,5.0
main,NB04,0.5,CTC + I,HYBRID,35,4,6.4,0.0,,0.0,14.812735080718994,False,0.0186743184274129,0.0494137341044698,0.9065047534502372,5.551342345999929,1.1674520191788234
main,NB04,0.5,CTC + I,HYBRID,35,4,6.4,6.0,,0.0,14.758373022079468,False,0.0095939460593272,0.0246026022789122,1.779026157195423,8.36105653711258,2.2613646588693608
main,NB04,0.5,CTC + I,HYBRID,35,4,3.2,0.0,,0.0,7.142977237701416,False,0.0256154208647792,0.0668440018014322,0.9406754603439784,13.901668693019424,1.5613019462670126
main,NB04,0.5,CTC + I,HYBRID,35,4,3.2,6.0,,0.0,7.127264738082886,False,0.0150013364099115,0.0423466175602226,1.8245689660359208,24.821841915392035,2.905457445474783
main,NB04,0.5,CTC + I,HYBRID,35,4,1.6,0.0,,0.0,3.34561538696289,False,0.0932923205399265,0.3188956391971404,1.2843652980060831,57.37887861747137,3.47406582577348
main,NB04,0.5,CTC + I,HYBRID,35,4,1.6,6.0,,0.0,3.334031343460083,False,4.385527464652982,17.2146877517903,2.5239258284402397,121.89440556749224,5.0
main,NB04,0.5,CTC + I,PINN,35,4,6.4,0.0,,0.0,14.690471649169922,False,0.0306379891371597,0.1242498597621588,0.9065075146993524,5.566857819555797,1.1674625503319025
main,NB04,0.5,CTC + I,PINN,35,4,6.4,6.0,,0.0,14.626419305801392,False,0.0156990630432069,0.0595481397532723,1.7790306663526017,8.394494804636373,2.2613793985272146
main,NB04,0.5,CTC + I,PINN,35,4,3.2,0.0,,0.0,7.062535524368286,False,0.044509851517089,0.1124486749478062,0.9406763428407356,13.929559493037658,1.5583306847019884
main,NB04,0.5,CTC + I,PINN,35,4,3.2,6.0,,0.0,7.132816553115845,False,0.0275745827983638,0.0726800701411398,1.824557012261058,24.9119722898068,2.905641210893179
main,NB04,0.5,CTC + I,PINN,35,4,1.6,0.0,,0.0,3.313735008239746,False,0.1171344543671448,0.4298911643168074,1.285133622213465,58.05382917345092,3.506709730558696
main,NB04,0.5,CTC + I,PINN,35,4,1.6,6.0,,0.0,3.3023521900177,False,4.453985269519986,17.35131418460931,2.5258775808668816,122.77964902147266,5.0
main,NB04,0.5,CTC + I,fPINN,35,4,6.4,0.0,0.6067271828651428,0.0885024766127268,15.192651748657228,False,0.0304887858252301,0.1022623847205655,0.9065149673361236,5.861694636471105,1.167429348706924
main,NB04,0.5,CTC + I,fPINN,35,4,6.4,6.0,0.6067271828651428,0.0885024766127268,15.174196243286133,False,0.0155054893717836,0.0453992034829381,1.7790357830542225,8.585742434549111,2.261365773437308
main,NB04,0.5,CTC + I,fPINN,35,4,3.2,0.0,0.6067271828651428,0.0885024766127268,7.26273512840271,False,0.0479968068616372,0.1160289481566937,0.9407102942462724,14.417650681417488,1.5607747280093711
main,NB04,0.5,CTC + I,fPINN,35,4,3.2,6.0,0.6067271828651428,0.0885024766127268,7.2114808559417725,False,0.0269862539600644,0.0818309486157183,1.8245820189448412,25.25847697278104,2.9049298820748435
main,NB04,0.5,CTC + I,fPINN,35,4,1.6,0.0,0.6067271828651428,0.0885024766127268,3.3225317001342773,False,0.1126556339230554,0.3682038913388234,1.2860317537817612,58.509433451416456,3.5170071944060526
main,NB04,0.5,CTC + I,fPINN,35,4,1.6,6.0,0.6067271828651428,0.0885024766127268,3.3300061225891118,False,4.446446284760762,17.176203953622913,2.5288848073521444,121.48096867894093,5.0
main,NB04,0.5,CTC + I,fHYBRID,35,4,6.4,0.0,0.5338897705078125,0.0577376013000806,15.442569732666016,False,0.018316309601629,0.0508427040877194,0.9065058613345228,5.661193754367773,1.1674586656072556
main,NB04,0.5,CTC + I,fHYBRID,35,4,6.4,6.0,0.5338897705078125,0.0577376013000806,15.342029809951782,False,0.0093397035169478,0.0260384138955601,1.779027389680874,8.43337803341192,2.2613713366231845
main,NB04,0.5,CTC + I,fHYBRID,35,4,3.2,0.0,0.5338897705078125,0.0577376013000806,7.344767570495605,False,0.0243074088986171,0.0703382608866784,0.9406927781601302,14.048048852834858,1.561679096280558
main,NB04,0.5,CTC + I,fHYBRID,35,4,3.2,6.0,0.5338897705078125,0.0577376013000806,7.327735185623169,False,0.0139728561533334,0.0403829273812451,1.824575655174754,24.93075474643424,2.906141290688972
main,NB04,0.5,CTC + I,fHYBRID,35,4,1.6,0.0,0.5338897705078125,0.0577376013000806,3.37880277633667,False,0.0910653173163063,0.3553283612071554,1.2842416672624388,57.46569194243284,3.472513868629249
main,NB04,0.5,CTC + I,fHYBRID,35,4,1.6,6.0,0.5338897705078125,0.0577376013000806,3.3839619159698486,False,4.373294071567149,17.162748568681845,2.5240787051645643,121.86585989718364,5.0
main,NB04,0.5,CTC + I,PINN,175,5,6.4,0.0,,0.0,14.687507629394531,False,0.0184967042807765,0.0480239756111039,0.9065002561163044,5.553016599099102,1.167459030637905
main,NB04,0.5,CTC + I,PINN,175,5,6.4,6.0,,0.0,14.69119119644165,False,0.0092381883695818,0.0236754760890798,1.7790233493892529,8.362355616971822,2.261373276152141
main,NB04,0.5,CTC + I,PINN,175,5,3.2,0.0,,0.0,7.061490774154663,False,0.0226126715528516,0.0663107461335413,0.9406678596492456,13.885620549900615,1.5596302121318524
main,NB04,0.5,CTC + I,PINN,175,5,3.2,6.0,,0.0,7.083759784698486,False,0.0137818135445041,0.0390292606601736,1.8245630468743583,24.816912688452724,2.9057930238588323
main,NB04,0.5,CTC + I,PINN,175,5,1.6,0.0,,0.0,3.3132917881011963,False,0.0711935029051582,0.2102444763026435,1.2841599408994666,57.29983798552776,3.4785979301780885
main,NB04,0.5,CTC + I,PINN,175,5,1.6,6.0,,0.0,3.302957534790039,False,4.367025798219552,17.194446714413264,2.5241426065986703,121.616179473153,5.0
main,NB04,0.5,CTC + I,fPINN,175,5,6.4,0.0,0.481341689825058,0.0546869610746701,15.24752688407898,False,0.0181558515203113,0.0489391356343918,0.9065026790161684,5.639788175471994,1.167466736265772
main,NB04,0.5,CTC + I,fPINN,175,5,6.4,6.0,0.481341689825058,0.0546869610746701,15.282026290893556,False,0.0091277323137231,0.0245045895124955,1.779025049510665,8.423565193994602,2.2613800408162925
main,NB04,0.5,CTC + I,fPINN,175,5,3.2,0.0,0.481341689825058,0.0546869610746701,7.274449110031128,False,0.0203830940960634,0.0630561111894848,0.9406889551853752,13.99589909649368,1.560022312156612
main,NB04,0.5,CTC + I,fPINN,175,5,3.2,6.0,0.481341689825058,0.0546869610746701,7.316670656204224,False,0.0122891931559932,0.0347165744155391,1.8245756279833625,24.903877227042152,2.9063474242387874
main,NB04,0.5,CTC + I,fPINN,175,5,1.6,0.0,0.481341689825058,0.0546869610746701,3.4197745323181152,False,0.0639694107371847,0.2068606049490851,1.2844821905387265,57.38999725921538,3.477469743835588
main,NB04,0.5,CTC + I,fPINN,175,5,1.6,6.0,0.481341689825058,0.0546869610746701,3.330440759658813,False,4.393796293234838,17.237397217701513,2.525141247318785,121.6418330977381,5.0
main,NB04,0.5,CTC + I,PINN,175,6,6.4,0.0,,0.0,14.628770112991331,False,0.0185477213047585,0.0466703071332466,0.9064991001772236,5.552927566251695,1.167456316639191
main,NB04,0.5,CTC + I,PINN,175,6,6.4,6.0,,0.0,14.716857194900513,False,0.0093790662988495,0.0225990755605422,1.7790225838510534,8.363848836723747,2.2613650998263743
main,NB04,0.5,CTC + I,PINN,175,6,3.2,0.0,,0.0,7.2279534339904785,False,0.022128565702887,0.0560394031384286,0.9406709005553344,13.8748365194742,1.559026596298534
main,NB04,0.5,CTC + I,PINN,175,6,3.2,6.0,,0.0,7.142400026321411,False,0.0141067184537489,0.0378722860131003,1.8245643295242548,24.805316317665515,2.905280656244821
main,NB04,0.5,CTC + I,PINN,175,6,1.6,0.0,,0.0,3.352203369140625,False,0.0674475279939758,0.2278426211913966,1.2838733943870997,57.23966821629142,3.467199812979504
main,NB04,0.5,CTC + I,PINN,175,6,1.6,6.0,,0.0,3.320177793502808,False,4.412980156965643,17.283076485425614,2.5227952121763098,121.4193654051782,5.0
main,NB04,0.5,CTC + I,fPINN,175,6,6.4,0.0,0.4820020198822021,0.0552489658196767,15.327826738357544,False,0.0181014830610607,0.0472609845651109,0.9065011306310368,5.642918753061087,1.1674647873970092
main,NB04,0.5,CTC + I,fPINN,175,6,6.4,6.0,0.4820020198822021,0.0552489658196767,15.154357433319092,False,0.0091823347828369,0.0232724513373419,1.7790241621577814,8.423989728574304,2.261371181970058
main,NB04,0.5,CTC + I,fPINN,175,6,3.2,0.0,0.4820020198822021,0.0552489658196767,7.225708484649658,False,0.0191755799320578,0.0462299481690392,0.9406908173908788,13.99154173149514,1.5596599236000688
main,NB04,0.5,CTC + I,fPINN,175,6,3.2,6.0,0.4820020198822021,0.0552489658196767,7.249999046325684,False,0.0129745734744296,0.0356098588356261,1.8245750664126776,24.896340500296844,2.905582012434192
main,NB04,0.5,CTC + I,fPINN,175,6,1.6,0.0,0.4820020198822021,0.0552489658196767,3.3483200073242188,False,0.0563703396804953,0.1802686996340572,1.2842524354812546,57.34382611645356,3.4682050358521934
main,NB04,0.5,CTC + I,fPINN,175,6,1.6,6.0,0.4820020198822021,0.0552489658196767,3.330737352371216,False,4.3922768569251724,17.188234204077975,2.5239635853476763,121.52202059602932,5.0
main,NB04,0.5,CTC + I,PINN,175,7,6.4,0.0,,0.0,14.652048826217651,False,0.0185196895145792,0.0460686085530978,0.9064990809343988,5.552297482813543,1.1674517662581498
main,NB04,0.5,CTC + I,PINN,175,7,6.4,6.0,,0.0,14.618740320205688,False,0.0093514027906685,0.0224445002551002,1.7790224875160827,8.364808566478882,2.261364793542201
main,NB04,0.5,CTC + I,PINN,175,7,3.2,0.0,,0.0,7.175806045532227,False,0.0225860177413278,0.0624974023249661,0.9406732492170404,13.873989753194348,1.5600088257908
main,NB04,0.5,CTC + I,PINN,175,7,3.2,6.0,,0.0,7.110373497009277,False,0.0136872022653699,0.0365345771669828,1.8245681341473396,24.808025813211763,2.905536941182428
main,NB04,0.5,CTC + I,PINN,175,7,1.6,0.0,,0.0,3.295278549194336,False,0.0718294236777423,0.2377880511391397,1.2836886008844193,57.22692464172164,3.4715641114496605
main,NB04,0.5,CTC + I,PINN,175,7,1.6,6.0,,0.0,3.3054473400115967,False,4.373718595174593,17.243141054566912,2.5227660003574623,121.45731945029392,5.0
main,NB04,0.5,CTC + I,fPINN,175,7,6.4,0.0,0.4856834411621094,0.055510918299357,15.231836080551147,False,0.0180534391695072,0.0469219794056389,0.9065012380219956,5.644142418465353,1.1674628563069969
main,NB04,0.5,CTC + I,fPINN,175,7,6.4,6.0,0.4856834411621094,0.055510918299357,15.173922061920166,False,0.0091752118107595,0.0233618863069791,1.779024042798772,8.426057239378835,2.261373102144245
main,NB04,0.5,CTC + I,fPINN,175,7,3.2,0.0,0.4856834411621094,0.055510918299357,7.2099609375,False,0.0201850451704346,0.0526701135695149,0.9406868165755392,13.994231487503995,1.5600520430343945
main,NB04,0.5,CTC + I,fPINN,175,7,3.2,6.0,0.4856834411621094,0.055510918299357,7.24080491065979,False,0.0125982630407102,0.0301187128837451,1.8245765128009264,24.90254280469094,2.905393002188145
main,NB04,0.5,CTC + I,fPINN,175,7,1.6,0.0,0.4856834411621094,0.055510918299357,3.3367717266082764,False,0.0743995899557546,0.2264036992212355,1.283703432955675,57.30922861606146,3.4693753489668997
main,NB04,0.5,CTC + I,fPINN,175,7,1.6,6.0,0.4856834411621094,0.055510918299357,3.337705135345459,False,4.396297269484647,17.28568514814153,2.5228792054265705,121.8342424675835,5.0
main,NB04,0.5,CTC + I,PINN,175,8,6.4,0.0,,0.0,14.695797443389893,False,0.0183091769129279,0.0470726888656026,0.9064984165730906,5.552504146311102,1.167454251801241
main,NB04,0.5,CTC + I,PINN,175,8,6.4,6.0,,0.0,14.699357986450195,False,0.0093104774862536,0.0226574234130656,1.7790219958872553,8.362359479620192,2.261366352464629
main,NB04,0.5,CTC + I,PINN,175,8,3.2,0.0,,0.0,7.202979803085327,False,0.0199430041092147,0.0528521171922951,0.9406768926659288,13.871155753126244,1.5582740971100222
main,NB04,0.5,CTC + I,PINN,175,8,3.2,6.0,,0.0,7.073770523071289,False,0.0131680840267129,0.0375236916390247,1.8245683674670543,24.803477211028124,2.9046355889900592
main,NB04,0.5,CTC + I,PINN,175,8,1.6,0.0,,0.0,3.3137636184692383,False,0.0711722134326585,0.2744439808846741,1.2845753801434918,57.30946100241132,3.481430507058247
main,NB04,0.5,CTC + I,PINN,175,8,1.6,6.0,,0.0,3.293339967727661,False,4.37997353744812,17.292404263134912,2.523911576770828,121.91604973563297,5.0
main,NB04,0.5,CTC + I,fPINN,175,8,6.4,0.0,0.4829025268554687,0.055245541036129,15.691756963729858,False,0.0180121786156887,0.0473131655843047,0.9065011291258412,5.641543303013965,1.167462767671924
main,NB04,0.5,CTC + I,fPINN,175,8,6.4,6.0,0.4829025268554687,0.055245541036129,15.440564632415771,False,0.0091503148580247,0.0232812032874714,1.7790240798814208,8.425861059507627,2.2613705680047174
main,NB04,0.5,CTC + I,fPINN,175,8,3.2,0.0,0.4829025268554687,0.055245541036129,7.225738763809204,False,0.0183779811724874,0.0443467021084691,0.9406909582782732,13.992242837912682,1.559675254733883
main,NB04,0.5,CTC + I,fPINN,175,8,3.2,6.0,0.4829025268554687,0.055245541036129,7.206447839736938,False,0.012698628929712,0.0340266669233882,1.8245757901087103,24.90436969666828,2.905438710537133
main,NB04,0.5,CTC + I,fPINN,175,8,1.6,0.0,0.4829025268554687,0.055245541036129,3.323167085647583,False,0.0596068381402519,0.206511566983643,1.2845723004554843,57.36473740766578,3.482356747129101
main,NB04,0.5,CTC + I,fPINN,175,8,1.6,6.0,0.4829025268554687,0.055245541036129,3.3305933475494385,False,4.363113029568698,17.182973950856315,2.524111604426542,121.47838707556028,5.0
main,NB04,0.5,CTC + I,PINN,175,9,6.4,0.0,,0.0,14.625175714492798,False,0.0185081309657159,0.0478946429997421,0.906500347983652,5.552460213014676,1.1674611633752714
main,NB04,0.5,CTC + I,PINN,175,9,6.4,6.0,,0.0,14.631340980529783,False,0.009243763076357,0.0234778102687772,1.7790233824524824,8.363683275510127,2.261373746501665
main,NB04,0.5,CTC + I,PINN,175,9,3.2,0.0,,0.0,7.107914447784424,False,0.0230108997956754,0.0673486943834948,0.9406661014396288,13.887254667593472,1.559799208432493
main,NB04,0.5,CTC + I,PINN,175,9,3.2,6.0,,0.0,7.077316761016846,False,0.0142587763583799,0.0404333928452959,1.8245586595606096,24.819444690633446,2.905903421085518
main,NB04,0.5,CTC + I,PINN,175,9,1.6,0.0,,0.0,3.3184595108032227,False,0.0794438982252647,0.2268653691371325,1.2838412436198248,57.32992847524628,3.473742311913586
main,NB04,0.5,CTC + I,PINN,175,9,1.6,6.0,,0.0,3.2921431064605717,False,4.339330216096847,17.131556990914838,2.5232949965214257,121.32604072850587,5.0
main,NB04,0.5,CTC + I,fPINN,175,9,6.4,0.0,0.4874774813652038,0.055713349332412,15.153725147247314,False,0.0182061366119966,0.0490161428838901,0.906502275802953,5.645525122414365,1.167463919997804
main,NB04,0.5,CTC + I,fPINN,175,9,6.4,6.0,0.4874774813652038,0.055713349332412,15.189257621765137,False,0.0092033484485742,0.0239439829595222,1.7790245657730457,8.424702665860686,2.26137737210019
main,NB04,0.5,CTC + I,fPINN,175,9,3.2,0.0,0.4874774813652038,0.055713349332412,7.2137451171875,False,0.0191370828010704,0.0463297370664619,0.9406885934613596,13.998341362738774,1.559939678043632
main,NB04,0.5,CTC + I,fPINN,175,9,3.2,6.0,0.4874774813652038,0.055713349332412,7.1840009689331055,False,0.0118727655186304,0.0317629852982053,1.8245776697884268,24.90201705918254,2.90594273439986
main,NB04,0.5,CTC + I,fPINN,175,9,1.6,0.0,0.4874774813652038,0.055713349332412,3.34040904045105,False,0.0687355834148396,0.2238200341987846,1.2841116198971447,57.38849868558927,3.480649714281254
main,NB04,0.5,CTC + I,fPINN,175,9,1.6,6.0,0.4874774813652038,0.055713349332412,3.3525397777557373,False,4.375173579199088,17.23962825519196,2.523061237975496,121.54213276819516,5.0
noise,NB04,0.5,CTC + I,PINN,175,0,6.4,0.0,,0.0,15.340423583984377,False,0.0188374716969854,0.0476176738294416,0.907193523069444,1309.8652800802074,1.3044669233283277
noise,NB04,0.5,CTC + I,PINN,175,0,6.4,6.0,,0.0,15.35149359703064,False,0.010303737960637,0.0284595512279309,1.7805238131404832,2679.447595199304,2.513641811745677
noise,NB04,0.5,CTC + I,PINN,175,0,3.2,0.0,,0.0,7.417356491088867,False,0.0228098164171984,0.0724198749314636,0.9413599486791971,666.1109206067617,1.6512075095148564
noise,NB04,0.5,CTC + I,PINN,175,0,3.2,6.0,,0.0,7.389748573303223,False,0.0145846038005259,0.0392915680872441,1.8260887622177189,1358.163230197028,3.041282220052812
noise,NB04,0.5,CTC + I,PINN,175,0,1.6,0.0,,0.0,3.5645229816436768,False,0.0785638628165532,0.2686394650191472,1.2850276925928934,349.8587557813998,3.541119258095413
noise,NB04,0.5,CTC + I,PINN,175,0,1.6,6.0,,0.0,3.5160601139068604,False,4.46255046603934,18.67514043371984,2.5408346682936696,670.5627175787247,5.0
noise,NB04,0.5,CTC + I,HYBRID,175,0,6.4,0.0,,0.0,15.459378957748411,False,0.0181353820209684,0.044395557221023,0.9072375148689442,1338.269289619721,1.3035386767050254
noise,NB04,0.5,CTC + I,HYBRID,175,0,6.4,6.0,,0.0,15.454010725021362,False,0.0099942582916263,0.0273938040181552,1.780554100581942,2715.7412759549097,2.5300482066895102
noise,NB04,0.5,CTC + I,HYBRID,175,0,3.2,0.0,,0.0,7.485318422317505,False,0.0239425004796376,0.0678731487836559,0.9413890730441764,681.8490897299271,1.673975294725103
noise,NB04,0.5,CTC + I,HYBRID,175,0,3.2,6.0,,0.0,7.452451467514038,False,0.0155034138015898,0.0475203906774269,1.8260754451227288,1373.7104315876252,3.05020000909292
noise,NB04,0.5,CTC + I,HYBRID,175,0,1.6,0.0,,0.0,3.5333499908447266,False,0.0867032101293384,0.2975919092293446,1.2846849039770465,353.90543765592787,3.5313985314109613
noise,NB04,0.5,CTC + I,HYBRID,175,0,1.6,6.0,,0.0,3.504284620285034,False,4.467110377067799,19.067408216322736,2.543858753898587,681.9423646682724,5.0
noise,NB04,0.5,CTC + I,fPINN,175,0,6.4,0.0,0.5796952247619629,0.0680976286530494,15.974928379058838,False,0.0181714570337211,0.0481458528192093,0.9072554856340608,1360.695161321481,1.308708157819108
noise,NB04,0.5,CTC + I,fPINN,175,0,6.4,6.0,0.5796952247619629,0.0680976286530494,15.927460432052612,False,0.0100473593239216,0.0278255493242906,1.780585812626119,2735.5304250539525,2.533149127426636
noise,NB04,0.5,CTC + I,fPINN,175,0,3.2,0.0,0.5796952247619629,0.0680976286530494,7.575184106826782,False,0.0199073708220243,0.056159635492769,0.9414384431338672,685.0203354834189,1.655419666138281
noise,NB04,0.5,CTC + I,fPINN,175,0,3.2,6.0,0.5796952247619629,0.0680976286530494,7.604768753051758,False,0.0135248582897236,0.0336205493185193,1.826120664453988,1377.1331673859313,3.042710388062214
noise,NB04,0.5,CTC + I,fPINN,175,0,1.6,0.0,0.5796952247619629,0.0680976286530494,3.513833284378052,False,0.0765869697506039,0.2318309844851271,1.2842520210229524,357.93809643844304,3.545063826899652
noise,NB04,0.5,CTC + I,fPINN,175,0,1.6,6.0,0.5796952247619629,0.0680976286530494,3.5039303302764893,False,4.500303392631599,19.340031975143287,2.5419090542374563,689.3773596404203,5.0
noise,NB04,0.5,CTC + I,fHYBRID,175,0,6.4,0.0,0.5636782646179199,0.0669356361031532,16.158331394195557,False,0.0173167920596934,0.0459912030591524,0.907273421345212,1368.1122923646592,1.2941959617555538
noise,NB04,0.5,CTC + I,fHYBRID,175,0,6.4,6.0,0.5636782646179199,0.0669356361031532,16.00227189064026,False,0.0097376671950757,0.029106985699936,1.7805933738826274,2742.944400479392,2.5327376484821085
noise,NB04,0.5,CTC + I,fHYBRID,175,0,3.2,0.0,0.5636782646179199,0.0669356361031532,7.6286585330963135,False,0.0204286525379887,0.0520687879809225,0.9414430255195748,694.3426948272214,1.677754011969246
noise,NB04,0.5,CTC + I,fHYBRID,175,0,3.2,6.0,0.5636782646179199,0.0669356361031532,7.635632514953613,False,0.0139341308132063,0.0396337736557442,1.8261373319429317,1388.344796456785,3.046919149039941
noise,NB04,0.5,CTC + I,fHYBRID,175,0,1.6,0.0,0.5636782646179199,0.0669356361031532,3.557044506072998,False,0.0848333259284643,0.2764971372604355,1.2845154350815526,359.38982321351955,3.5290682432035743
noise,NB04,0.5,CTC + I,fHYBRID,175,0,1.6,6.0,0.5636782646179199,0.0669356361031532,3.547046184539795,False,4.465462885141261,19.02073187577492,2.5442004254902124,691.0229098914967,5.0
noise,NB04,0.5,CTC + I,PINN,175,1,6.4,0.0,,0.0,15.353517532348633,False,0.0186755971170366,0.0542233023642288,0.9072050225459674,1318.7089288688749,1.2974714170466628
noise,NB04,0.5,CTC + I,PINN,175,1,6.4,6.0,,0.0,15.334383487701416,False,0.0102160889722329,0.0258632479139246,1.7805392970653429,2680.9068186974155,2.488920504200009
noise,NB04,0.5,CTC + I,PINN,175,1,3.2,0.0,,0.0,7.408872604370117,False,0.0216045571196371,0.0574959426725525,0.9413785293543712,668.2752796832694,1.6473172006004857
noise,NB04,0.5,CTC + I,PINN,175,1,3.2,6.0,,0.0,7.407483816146851,False,0.0146336121390771,0.0430041382760882,1.8260530970329825,1355.5047745489906,3.0781591802374515
noise,NB04,0.5,CTC + I,PINN,175,1,1.6,0.0,,0.0,3.4930238723754883,False,0.0653365050774269,0.2268150350983958,1.2858343541640047,352.3165898108817,3.612975393735718
noise,NB04,0.5,CTC + I,PINN,175,1,1.6,6.0,,0.0,3.4773120880126958,False,4.534900526270384,19.15031132681364,2.5413102718741443,678.3406489917331,5.0
noise,NB04,0.5,CTC + I,HYBRID,175,1,6.4,0.0,,0.0,15.448489904403688,False,0.0181167541086055,0.0524412352931993,0.9072451104865265,1340.0830529225825,1.2865657483678834
noise,NB04,0.5,CTC + I,HYBRID,175,1,6.4,6.0,,0.0,15.395410776138306,False,0.0099634469234673,0.0275532064038987,1.7805791885672075,2706.987944891376,2.493845902280135
noise,NB04,0.5,CTC + I,HYBRID,175,1,3.2,0.0,,0.0,7.549402713775635,False,0.0235186214718893,0.0674982744301395,0.9413825107566008,679.0095638881996,1.647363378709228
noise,NB04,0.5,CTC + I,HYBRID,175,1,3.2,6.0,,0.0,7.461307287216186,False,0.0154746754530908,0.0462002517297452,1.82604758931968,1365.9179611007894,3.037822290003559
noise,NB04,0.5,CTC + I,HYBRID,175,1,1.6,0.0,,0.0,3.5039713382720947,False,0.086183161048706,0.2878756623627376,1.284569896054705,356.7005611146157,3.572029471765756
noise,NB04,0.5,CTC + I,HYBRID,175,1,1.6,6.0,,0.0,3.497236728668213,False,4.48989474753393,19.146986725829045,2.5438198928903266,688.68248978304,5.0
noise,NB04,0.5,CTC + I,fPINN,175,1,6.4,0.0,0.5685815215110779,0.0663224359353383,16.056782960891724,False,0.0182763751230019,0.0550276649932528,0.9072611583921496,1357.9194116086865,1.2815946348736869
noise,NB04,0.5,CTC + I,fPINN,175,1,6.4,6.0,0.5685815215110779,0.0663224359353383,16.530967473983765,False,0.01010143888061,0.0284478094391427,1.7805920436677214,2732.5190625276277,2.492161225086838
noise,NB04,0.5,CTC + I,fPINN,175,1,3.2,0.0,0.5685815215110779,0.0663224359353383,7.61642861366272,False,0.0196070890508644,0.0504429953174209,0.9414225369316348,687.8647433398946,1.64807829894489
noise,NB04,0.5,CTC + I,fPINN,175,1,3.2,6.0,0.5685815215110779,0.0663224359353383,7.565592050552368,False,0.0135316374685346,0.0356465862175771,1.826100705626255,1373.3732820197138,3.048076734334583
noise,NB04,0.5,CTC + I,fPINN,175,1,1.6,0.0,0.5685815215110779,0.0663224359353383,3.5043630599975586,False,0.0794417737738292,0.2515974092789931,1.284138980624492,361.65774239406267,3.5610345224096265
noise,NB04,0.5,CTC + I,fPINN,175,1,1.6,6.0,0.5685815215110779,0.0663224359353383,3.5116446018218994,False,4.506548559107718,19.25464884160729,2.5412333042112207,692.665385494225,5.0
noise,NB04,0.5,CTC + I,fHYBRID,175,1,6.4,0.0,0.5625545382499695,0.0666420732935269,16.22916889190674,False,0.0174016114374316,0.0491529059022728,0.9072719885162877,1369.786758510082,1.315155624522217
noise,NB04,0.5,CTC + I,fHYBRID,175,1,6.4,6.0,0.5625545382499695,0.0666420732935269,16.11570930480957,False,0.0097102822958682,0.0295227113091233,1.7805984743633707,2729.437570117883,2.492354361101896
noise,NB04,0.5,CTC + I,fHYBRID,175,1,3.2,0.0,0.5625545382499695,0.0666420732935269,7.650505542755127,False,0.020285800984077,0.0544202102510033,0.9414236566659242,689.6218784329794,1.6448617004829793
noise,NB04,0.5,CTC + I,fHYBRID,175,1,3.2,6.0,0.5625545382499695,0.0666420732935269,7.6537652015686035,False,0.0138550687959947,0.0403527074413157,1.8260993815556643,1379.1535290999927,3.114330742141571
noise,NB04,0.5,CTC + I,fHYBRID,175,1,1.6,0.0,0.5625545382499695,0.0666420732935269,3.5670886039733887,False,0.0830851028094336,0.2755722058639146,1.2843939681129246,361.7790651126443,3.5985240752004044
noise,NB04,0.5,CTC + I,fHYBRID,175,1,1.6,6.0,0.5625545382499695,0.0666420732935269,3.531044244766236,False,4.493419382947068,19.16726442541744,2.5438674720553136,693.8716527342001,5.0
noise,NB04,0.5,CTC + I,PINN,175,2,6.4,0.0,,0.0,15.32152819633484,False,0.0189001059417675,0.0490985555565697,0.9072003590640588,1311.439216097787,1.281078840245112
noise,NB04,0.5,CTC + I,PINN,175,2,6.4,6.0,,0.0,15.30345582962036,False,0.0102700006888462,0.0270964797319969,1.78053007629428,2685.991402317396,2.506576840619621
noise,NB04,0.5,CTC + I,PINN,175,2,3.2,0.0,,0.0,8.100587844848633,False,0.0219926596371095,0.0634459768902977,0.941374458260088,668.8032973562742,1.649130403203488
noise,NB04,0.5,CTC + I,PINN,175,2,3.2,6.0,,0.0,7.451015949249268,False,0.0149019909230773,0.0412217950253779,1.8260520723542844,1358.4224821837752,3.1482271580849903
noise,NB04,0.5,CTC + I,PINN,175,2,1.6,0.0,,0.0,3.512744188308716,False,0.0739491731461128,0.2359330628710523,1.284828146265283,351.7765747175468,3.58898195457619
noise,NB04,0.5,CTC + I,PINN,175,2,1.6,6.0,,0.0,3.470354557037353,False,4.473065800747715,18.688592946471825,2.539985721498313,681.2717385896692,5.0
noise,NB04,0.5,CTC + I,HYBRID,175,2,6.4,0.0,,0.0,15.32446265220642,False,0.0182290809113354,0.0479869849061777,0.907238941160812,1336.041648981511,1.2884174856142732
noise,NB04,0.5,CTC + I,HYBRID,175,2,6.4,6.0,,0.0,15.430458545684814,False,0.0099883105345429,0.0265546083672604,1.780567123369199,2712.363890847794,2.5257075391219805
noise,NB04,0.5,CTC + I,HYBRID,175,2,3.2,0.0,,0.0,7.488592624664307,False,0.023954681651227,0.0704380852438483,0.941401645612384,683.6111135992237,1.6432251731566696
noise,NB04,0.5,CTC + I,HYBRID,175,2,3.2,6.0,,0.0,7.475430965423584,False,0.0156453561104584,0.0495706013558754,1.826091978601725,1368.2991696879208,3.149328978118424
noise,NB04,0.5,CTC + I,HYBRID,175,2,1.6,0.0,,0.0,3.496199131011963,False,0.0887050456629483,0.2962698265330573,1.2846298052820633,357.3090159126006,3.547541129485408
noise,NB04,0.5,CTC + I,HYBRID,175,2,1.6,6.0,,0.0,3.485353708267212,False,4.48617942839493,19.07277275294165,2.543679699811416,685.7265304506171,5.0
noise,NB04,0.5,CTC + I,fPINN,175,2,6.4,0.0,0.5618875026702881,0.065661517282327,15.954837322235107,False,0.0183659211019846,0.0488196966699575,0.9072595546544128,1360.7636969066295,1.282842029343404
noise,NB04,0.5,CTC + I,fPINN,175,2,6.4,6.0,0.5618875026702881,0.065661517282327,15.972135305404665,False,0.0101692384893448,0.0290806549065759,1.780605805113679,2743.4425304752167,2.523396881142445
noise,NB04,0.5,CTC + I,fPINN,175,2,3.2,0.0,0.5618875026702881,0.065661517282327,7.57401967048645,False,0.0196380745998437,0.0596258043482756,0.941433592172427,687.9796112708133,1.6521255259046776
noise,NB04,0.5,CTC + I,fPINN,175,2,3.2,6.0,0.5618875026702881,0.065661517282327,7.5653235912323,False,0.0139283032207424,0.0394798279340025,1.8260930859324007,1375.4348797538537,3.1499862572148003
noise,NB04,0.5,CTC + I,fPINN,175,2,1.6,0.0,0.5618875026702881,0.065661517282327,3.5200915336608887,False,0.0850655604343224,0.2509098774300453,1.2838755864696236,360.21038064230805,3.551609454000405
noise,NB04,0.5,CTC + I,fPINN,175,2,1.6,6.0,0.5618875026702881,0.065661517282327,3.5310773849487305,False,4.465231194369637,19.059657638356537,2.5414374784176474,691.875198651938,5.0
noise,NB04,0.5,CTC + I,fHYBRID,175,2,6.4,0.0,0.5663095116615295,0.0669504627585411,16.094106435775757,False,0.0173680220309209,0.0487512814033637,0.9072720674705388,1364.4579921076454,1.2862078513780917
noise,NB04,0.5,CTC + I,fHYBRID,175,2,6.4,6.0,0.5663095116615295,0.0669504627585411,16.054274082183838,False,0.0097598204551715,0.028430401072928,1.7806132423384626,2739.0786236395857,2.523632867317283
noise,NB04,0.5,CTC + I,fHYBRID,175,2,3.2,0.0,0.5663095116615295,0.0669504627585411,7.728865623474121,False,0.0199410391511823,0.0513138320841817,0.9414485527472092,695.993722182109,1.641238730940801
noise,NB04,0.5,CTC + I,fHYBRID,175,2,3.2,6.0,0.5663095116615295,0.0669504627585411,7.632381916046143,False,0.0134990683176453,0.0400195158838036,1.826112389733989,1380.2428869038686,3.1085271363446667
noise,NB04,0.5,CTC + I,fHYBRID,175,2,1.6,0.0,0.5663095116615295,0.0669504627585411,3.544008731842041,False,0.0824369509583618,0.2773346188860114,1.28450399361788,361.9560464014303,3.558304774108966
noise,NB04,0.5,CTC + I,fHYBRID,175,2,1.6,6.0,0.5663095116615295,0.0669504627585411,3.589925765991211,False,4.487609201165768,19.03387210502661,2.544250501564612,693.5966564749738,5.0
sweep,NB04,0.3,CTC + I,PINN,175,0,6.4,0.0,,0.0,14.677881956100464,False,0.0183552414236171,0.0461602530951081,0.9082618954487452,5.508577834556096,1.169582381081756
sweep,NB04,0.3,CTC + I,PINN,175,0,6.4,6.0,,0.0,14.707085609436035,False,0.0093089183610618,0.0226078387076339,1.78089616438916,8.350852498300926,2.263619251185354
sweep,NB04,0.3,CTC + I,PINN,175,0,3.2,0.0,,0.0,7.059600353240967,False,0.0217688355266335,0.0572184935162003,0.9422815231181224,13.830331265252507,1.551423400182868
sweep,NB04,0.3,CTC + I,PINN,175,0,3.2,6.0,,0.0,7.055808067321777,False,0.0131347160946823,0.0330648568316497,1.8263926138348776,24.808722578966236,2.899403279575802
sweep,NB04,0.3,CTC + I,PINN,175,0,1.6,0.0,,0.0,3.32291030883789,False,0.0766629096283451,0.249869851538409,1.2855143950026269,57.33801746328035,3.474872048510571
sweep,NB04,0.3,CTC + I,PINN,175,0,1.6,6.0,,0.0,3.2857511043548584,False,4.361522958296463,17.03898523801372,2.526441706235019,120.93962995969382,5.0
sweep,NB04,0.3,CTC + I,HYBRID,175,0,6.4,0.0,,0.0,14.744125366210938,False,0.0177229304825275,0.0437215559275419,0.9082686203942628,5.509657002895251,1.1695730504843356
sweep,NB04,0.3,CTC + I,HYBRID,175,0,6.4,6.0,,0.0,14.753565073013306,False,0.0088627214912455,0.0216450025278021,1.7809005320950029,8.351942956509841,2.2636104098156737
sweep,NB04,0.3,CTC + I,HYBRID,175,0,3.2,0.0,,0.0,7.131055116653442,False,0.0224782631000291,0.0598154559255387,0.9422804203172102,13.859545353213733,1.5522505355808505
sweep,NB04,0.3,CTC + I,HYBRID,175,0,3.2,6.0,,0.0,7.254366874694824,False,0.0138706446995626,0.0393745286847638,1.8263877688076304,24.83140763640656,2.898627254374355
sweep,NB04,0.3,CTC + I,HYBRID,175,0,1.6,0.0,,0.0,3.359964370727539,False,0.085616289070297,0.2827874101729025,1.2864672482087234,57.48997402681482,3.4653800652281754
sweep,NB04,0.3,CTC + I,HYBRID,175,0,1.6,6.0,,0.0,3.364802837371826,False,4.375998998067426,17.05302040434296,2.527612033705909,121.41583977115654,5.0
sweep,NB04,0.3,CTC + I,fPINN,175,0,6.4,0.0,0.3112234771251678,0.05575584496061,15.198936939239502,False,0.0180585059884184,0.047274205959533,0.908264578127446,5.584761244984695,1.169587053904631
sweep,NB04,0.3,CTC + I,fPINN,175,0,6.4,6.0,0.3112234771251678,0.05575584496061,15.2742280960083,False,0.0091729769209498,0.023592460089338,1.7808981343034465,8.401309065627357,2.2636253658431484
sweep,NB04,0.3,CTC + I,fPINN,175,0,3.2,0.0,0.3112234771251678,0.05575584496061,7.178102254867554,False,0.0201091161678044,0.0525928620468441,0.942298054680023,13.902635753377949,1.552022106949069
sweep,NB04,0.3,CTC + I,fPINN,175,0,3.2,6.0,0.3112234771251678,0.05575584496061,7.201627254486084,False,0.0124002422917644,0.0295865329977928,1.8264005843227813,24.86787413015401,2.899558375193451
sweep,NB04,0.3,CTC + I,fPINN,175,0,1.6,0.0,0.3112234771251678,0.05575584496061,3.344553232192993,False,0.0672202957733823,0.215135676635145,1.2859876923005304,57.357988774051,3.4709015033631654
sweep,NB04,0.3,CTC + I,fPINN,175,0,1.6,6.0,0.3112234771251678,0.05575584496061,3.329465389251709,False,4.39205136262167,17.09814930675178,2.527027520027421,121.3539918934115,5.0
sweep,NB04,0.3,CTC + I,fHYBRID,175,0,6.4,0.0,0.3259232640266418,0.0575074988106886,15.443026781082152,False,0.0172046728208104,0.0457518976653026,0.9082702341955322,5.589523302118601,1.1695854340586358
sweep,NB04,0.3,CTC + I,fHYBRID,175,0,6.4,6.0,0.3259232640266418,0.0575074988106886,15.377086400985718,False,0.008691984977201,0.0232088250074254,1.7809016563797972,8.402123836395088,2.2636226916897084
sweep,NB04,0.3,CTC + I,fHYBRID,175,0,3.2,0.0,0.3259232640266418,0.0575074988106886,7.393161058425903,False,0.0194253670423802,0.05610380441378,0.9422947175993728,13.928252437941028,1.5529755052657583
sweep,NB04,0.3,CTC + I,fHYBRID,175,0,3.2,6.0,0.3259232640266418,0.0575074988106886,7.297907829284668,False,0.0125965393940422,0.0344662265779975,1.8263955737154085,24.88238726455784,2.8994369286082105
sweep,NB04,0.3,CTC + I,fHYBRID,175,0,1.6,0.0,0.3259232640266418,0.0575074988106886,3.3591222763061523,False,0.0832983451285983,0.2734238918288447,1.2863538771305132,57.472130995936766,3.464358276814627
sweep,NB04,0.3,CTC + I,fHYBRID,175,0,1.6,6.0,0.3259232640266418,0.0575074988106886,3.37670636177063,False,4.370749835208778,17.018263792728998,2.5278157564047827,121.44425716929692,5.0
sweep,NB04,0.3,CTC + I,PINN,175,1,6.4,0.0,,0.0,14.7373046875,False,0.0182301431380908,0.0490155588776644,0.9082631389317124,5.50891483017146,1.16958574866247
sweep,NB04,0.3,CTC + I,PINN,175,1,6.4,6.0,,0.0,14.708303928375244,False,0.0092318895913932,0.0236265029645438,1.7808969267703754,8.345556779888174,2.263622977704908
sweep,NB04,0.3,CTC + I,PINN,175,1,3.2,0.0,,0.0,7.092562437057495,False,0.0205847216272129,0.0533740996370977,0.9422826815246618,13.839082380243685,1.5505670474131503
sweep,NB04,0.3,CTC + I,PINN,175,1,3.2,6.0,,0.0,7.091836452484131,False,0.0131537701095461,0.0339004156170343,1.8263908999502028,24.805459517500587,2.898536171231342
sweep,NB04,0.3,CTC + I,PINN,175,1,1.6,0.0,,0.0,3.337263584136963,False,0.0696466132565846,0.2355445305921916,1.285965349904083,57.30574698021684,3.469129953563264
sweep,NB04,0.3,CTC + I,PINN,175,1,1.6,6.0,,0.0,3.3560616970062256,False,4.389488611575275,17.110047468624337,2.5270636962528834,121.4857128907152,5.0
sweep,NB04,0.3,CTC + I,HYBRID,175,1,6.4,0.0,,0.0,14.806793928146362,False,0.0176574035920873,0.0443783405837412,0.9082687127051242,5.511156342952292,1.1695722757345863
sweep,NB04,0.3,CTC + I,HYBRID,175,1,6.4,6.0,,0.0,14.758148670196531,False,0.0088348101471886,0.0217624476056372,1.7809006618708625,8.353473694686048,2.2636102933450566
sweep,NB04,0.3,CTC + I,HYBRID,175,1,3.2,0.0,,0.0,7.206424236297607,False,0.0218902591396615,0.054993063830313,0.9422796324634034,13.8587546287226,1.5526367544734476
sweep,NB04,0.3,CTC + I,HYBRID,175,1,3.2,6.0,,0.0,7.16643214225769,False,0.0136240139900192,0.0385929542707771,1.826387079899256,24.8315377248601,2.898677090745659
sweep,NB04,0.3,CTC + I,HYBRID,175,1,1.6,0.0,,0.0,3.389481782913208,False,0.086751388922601,0.2969401996937206,1.286536751010704,57.48971176378711,3.4632536560110463
sweep,NB04,0.3,CTC + I,HYBRID,175,1,1.6,6.0,,0.0,3.3584349155426025,False,4.385073635575514,17.06669776109707,2.5277893408571424,121.3864765779946,5.0
sweep,NB04,0.3,CTC + I,fPINN,175,1,6.4,0.0,0.3100328147411346,0.0553363859653472,15.294284582138062,False,0.0181861804282388,0.0495795858392017,0.90826572007762,5.583396959346204,1.1695928838220793
sweep,NB04,0.3,CTC + I,fPINN,175,1,6.4,6.0,0.3100328147411346,0.0553363859653472,15.196656227111816,False,0.0091811539128986,0.0244133883516734,1.7808987393571665,8.394692788032732,2.263629472268435
sweep,NB04,0.3,CTC + I,fPINN,175,1,3.2,0.0,0.3100328147411346,0.0553363859653472,7.228031158447266,False,0.0191414663310389,0.0448882646949149,0.9422998345748104,13.911064884723286,1.5501026541280798
sweep,NB04,0.3,CTC + I,fPINN,175,1,3.2,6.0,0.3100328147411346,0.0553363859653472,7.1880834102630615,False,0.0119552957705926,0.030716196945818,1.826401238839349,24.86800543382285,2.898047117308546
sweep,NB04,0.3,CTC + I,fPINN,175,1,1.6,0.0,0.3100328147411346,0.0553363859653472,3.336595296859741,False,0.0611259755737373,0.205557144298711,1.2861714217149118,57.34791484916156,3.460999098864
sweep,NB04,0.3,CTC + I,fPINN,175,1,1.6,6.0,0.3100328147411346,0.0553363859653472,3.3393993377685547,False,4.385432216713564,17.058479198977288,2.5275953096034707,121.43697404012153,5.0
sweep,NB04,0.3,CTC + I,fHYBRID,175,1,6.4,0.0,0.3372762203216553,0.0589221765597661,15.34351634979248,False,0.0172342074341254,0.045891043754872,0.908270560667326,5.59626687623062,1.1695862436234274
sweep,NB04,0.3,CTC + I,fHYBRID,175,1,6.4,6.0,0.3372762203216553,0.0589221765597661,15.362722873687744,False,0.0087060233598354,0.0230984877734612,1.780901808620463,8.407347687182433,2.2636234419354957
sweep,NB04,0.3,CTC + I,fHYBRID,175,1,3.2,0.0,0.3372762203216553,0.0589221765597661,7.271396636962891,False,0.018774381365419,0.0510528382234301,0.9422959134457586,13.9347186798877,1.5531684690700929
sweep,NB04,0.3,CTC + I,fHYBRID,175,1,3.2,6.0,0.3372762203216553,0.0589221765597661,7.277993679046631,False,0.0123158803553247,0.034019787460656,1.8263965744664832,24.88733686071591,2.899493896710754
sweep,NB04,0.3,CTC + I,fHYBRID,175,1,1.6,0.0,0.3372762203216553,0.0589221765597661,3.3836286067962646,False,0.080029616065226,0.2680541542802549,1.2863250539780486,57.46442689551076,3.4640070640992104
sweep,NB04,0.3,CTC + I,fHYBRID,175,1,1.6,6.0,0.3372762203216553,0.0589221765597661,3.3769853115081787,False,4.369507593523505,17.02071134738216,2.527754321913325,121.43390244948452,5.0
sweep,NB04,0.3,CTC + I,PINN,175,2,6.4,0.0,,0.0,15.337843894958496,False,0.0183329296917026,0.0475674812977577,0.9082633891595552,5.508864976555324,1.169586614977812
sweep,NB04,0.3,CTC + I,PINN,175,2,6.4,6.0,,0.0,14.79129695892334,False,0.0091738489057071,0.023280028080078,1.7808972428985534,8.34899955963811,2.263624746867705
sweep,NB04,0.3,CTC + I,PINN,175,2,3.2,0.0,,0.0,7.0966856479644775,False,0.0211255185309057,0.0605066984309941,0.94227694315906,13.844804024016865,1.5515319352998262
sweep,NB04,0.3,CTC + I,PINN,175,2,3.2,6.0,,0.0,7.067495822906494,False,0.0130455345012212,0.0354161693413452,1.8263884955776128,24.816979822379952,2.899562533390716
sweep,NB04,0.3,CTC + I,PINN,175,2,1.6,0.0,,0.0,3.3316190242767334,False,0.0752159876829257,0.2543577490811842,1.2856303983603323,57.33500491139319,3.46653816305524
sweep,NB04,0.3,CTC + I,PINN,175,2,1.6,6.0,,0.0,3.327910661697388,False,4.357027203617415,16.99431278369718,2.526210389407976,121.11017263476523,5.0
sweep,NB04,0.3,CTC + I,HYBRID,175,2,6.4,0.0,,0.0,14.894336462020874,False,0.017677359612396,0.0442214649301535,0.9082685550886938,5.5107352850419815,1.1695734167401404
sweep,NB04,0.3,CTC + I,HYBRID,175,2,6.4,6.0,,0.0,14.733084440231323,False,0.0088463885960911,0.0217213269138496,1.7809005366584945,8.352997355820367,2.26361092626328
sweep,NB04,0.3,CTC + I,HYBRID,175,2,3.2,0.0,,0.0,7.119848728179932,False,0.0221585244379437,0.0587030037120609,0.9422790856092064,13.860360223665069,1.5524577090081093
sweep,NB04,0.3,CTC + I,HYBRID,175,2,3.2,6.0,,0.0,7.154640913009644,False,0.01382020885274,0.0404163054629871,1.8263866743532475,24.83311473039328,2.8985992375868763
sweep,NB04,0.3,CTC + I,HYBRID,175,2,1.6,0.0,,0.0,3.3277337551116943,False,0.0872750825002012,0.2917558093296568,1.286493743042152,57.489044145033176,3.463995360705276
sweep,NB04,0.3,CTC + I,HYBRID,175,2,1.6,6.0,,0.0,3.338888645172119,False,4.386524696441165,17.079343106773365,2.527811723048053,121.4961544126856,5.0
sweep,NB04,0.3,CTC + I,fPINN,175,2,6.4,0.0,0.3040429651737213,0.0550946506361166,15.194873809814451,False,0.0181178359217729,0.0484983597796641,0.9082665693589516,5.582610235013393,1.1695927911101824
sweep,NB04,0.3,CTC + I,fPINN,175,2,6.4,6.0,0.3040429651737213,0.0550946506361166,15.21932816505432,False,0.0091033238630873,0.0240031160426855,1.78089932913231,8.399053131064015,2.2636299433575378
sweep,NB04,0.3,CTC + I,fPINN,175,2,3.2,0.0,0.3040429651737213,0.0550946506361166,7.215896368026733,False,0.0188728780977928,0.0531598582759845,0.942296358064297,13.912746352986854,1.5516746662169163
sweep,NB04,0.3,CTC + I,fPINN,175,2,3.2,6.0,0.3040429651737213,0.0550946506361166,7.271003723144531,False,0.012486976421113,0.0343237654364194,1.826395992781029,24.880175094066438,2.899153437893544
sweep,NB04,0.3,CTC + I,fPINN,175,2,1.6,0.0,0.3040429651737213,0.0550946506361166,3.3419833183288574,False,0.0684943306496659,0.2142150251892313,1.28592363201051,57.34431886205244,3.4688434583414947
sweep,NB04,0.3,CTC + I,fPINN,175,2,1.6,6.0,0.3040429651737213,0.0550946506361166,3.319575309753418,False,4.358824297174644,17.013329458345765,2.526451167449043,121.17160254183707,5.0
sweep,NB04,0.3,CTC + I,fHYBRID,175,2,6.4,0.0,0.3255203366279602,0.0574592339495817,15.23315715789795,False,0.0172885911108788,0.0457356390494062,0.9082702684853264,5.590408603442154,1.16958669561
sweep,NB04,0.3,CTC + I,fHYBRID,175,2,6.4,6.0,0.3255203366279602,0.0574592339495817,15.269538879394531,False,0.0087272958103567,0.0231150513616026,1.7809016821909325,8.402880722287442,2.2636238849704613
sweep,NB04,0.3,CTC + I,fHYBRID,175,2,3.2,0.0,0.3255203366279602,0.0574592339495817,7.289881944656372,False,0.0193920841306695,0.0555729124449339,0.942294541767732,13.928422658089758,1.5528887691785318
sweep,NB04,0.3,CTC + I,fHYBRID,175,2,3.2,6.0,0.3255203366279602,0.0574592339495817,7.296405076980591,False,0.0125564481267311,0.0352094005304351,1.826395617770393,24.8818015491146,2.899346743932815
sweep,NB04,0.3,CTC + I,fHYBRID,175,2,1.6,0.0,0.3255203366279602,0.0574592339495817,3.4058709144592285,False,0.0832051801851934,0.2803039659460217,1.286408755751446,57.46691534920441,3.4653410523284847
sweep,NB04,0.3,CTC + I,fHYBRID,175,2,1.6,6.0,0.3255203366279602,0.0574592339495817,3.375682830810547,False,4.371582369839067,17.02471315438231,2.527841637869257,121.42616881325247,5.0
sweep,NB04,0.7,CTC + I,PINN,175,0,6.4,0.0,,0.0,14.700999021530151,False,0.0185377487232084,0.0475638351387789,0.9053914749250784,5.597453474369084,1.166764220030567
sweep,NB04,0.7,CTC + I,PINN,175,0,6.4,6.0,,0.0,14.836359977722168,False,0.0093575744546496,0.0228810143402703,1.7777985334831972,8.379341786605046,2.2604327911090265
sweep,NB04,0.7,CTC + I,PINN,175,0,3.2,0.0,,0.0,7.082939147949219,False,0.0221382746101886,0.0591842134087536,0.9397988896719496,14.01909417881638,1.572330349817353
sweep,NB04,0.7,CTC + I,PINN,175,0,3.2,6.0,,0.0,7.056908369064331,False,0.0136038480766072,0.0340454989734341,1.8234113616638643,24.91656167527597,2.916448693316344
sweep,NB04,0.7,CTC + I,PINN,175,0,1.6,0.0,,0.0,3.306027889251709,False,0.0774228729490092,0.2439001188143323,1.2831920159480945,57.28903029550113,3.500707519570687
sweep,NB04,0.7,CTC + I,PINN,175,0,1.6,6.0,,0.0,3.313062191009521,False,4.403885092809514,17.540684943345465,2.5216015810453185,121.94848144483302,5.0
sweep,NB04,0.7,CTC + I,HYBRID,175,0,6.4,0.0,,0.0,15.184366703033447,False,0.01801004230428,0.044657973255171,0.9053976712756948,5.598299722125576,1.1667612171608357
sweep,NB04,0.7,CTC + I,HYBRID,175,0,6.4,6.0,,0.0,14.84720778465271,False,0.0090138817524754,0.022191589379122,1.7778024631916032,8.379138290708049,2.2604306380430823
sweep,NB04,0.7,CTC + I,HYBRID,175,0,3.2,0.0,,0.0,7.16157341003418,False,0.0222524701751102,0.0567971583777639,0.9397944359469717,14.04975228545705,1.572996385125647
sweep,NB04,0.7,CTC + I,HYBRID,175,0,3.2,6.0,,0.0,7.143199920654297,False,0.0140275620351929,0.0393059491254305,1.8234071862940215,24.93656194908776,2.91559079134782
sweep,NB04,0.7,CTC + I,HYBRID,175,0,1.6,0.0,,0.0,3.34797477722168,False,0.0837139339239217,0.2801727920063786,1.2841636770705331,57.45791835973079,3.493109788388399
sweep,NB04,0.7,CTC + I,HYBRID,175,0,1.6,6.0,,0.0,3.329297542572021,False,4.412941535732049,17.54388144772388,2.5227578029520448,122.17031098341792,5.0
sweep,NB04,0.7,CTC + I,fPINN,175,0,6.4,0.0,0.6897874474525452,0.0574498499433199,15.257384061813354,False,0.0180061716886104,0.0470541035434645,0.9053932034475192,5.731826438434638,1.1667701910362371
sweep,NB04,0.7,CTC + I,fPINN,175,0,6.4,6.0,0.6897874474525452,0.0574498499433199,15.241597175598145,False,0.0091519944162026,0.0235636433578137,1.7777997239212229,8.473112489677451,2.260438421363008
sweep,NB04,0.7,CTC + I,fPINN,175,0,3.2,0.0,0.6897874474525452,0.0574498499433199,7.246955156326294,False,0.0198709111937316,0.0521645650174358,0.939817671713629,14.230307928826836,1.5730876670855252
sweep,NB04,0.7,CTC + I,fPINN,175,0,3.2,6.0,0.6897874474525452,0.0574498499433199,7.200889587402344,False,0.0124557258665858,0.0294317610071813,1.823421652675908,25.07219877639447,2.916769318792424
sweep,NB04,0.7,CTC + I,fPINN,175,0,1.6,0.0,0.6897874474525452,0.0574498499433199,3.3847618103027344,False,0.0620270913447716,0.2016544757436286,1.2838992643433298,57.53145082025587,3.499207604168588
sweep,NB04,0.7,CTC + I,fPINN,175,0,1.6,6.0,0.6897874474525452,0.0574498499433199,3.3832104206085205,False,4.415028016549655,17.547742468111608,2.5221885207578323,122.32024077807849,5.0
sweep,NB04,0.7,CTC + I,fHYBRID,175,0,6.4,0.0,0.6919336915016174,0.0592771073182423,15.420394659042358,False,0.0172149919687486,0.0456164200253149,0.9053985075781532,5.738874721036913,1.16676965372695
sweep,NB04,0.7,CTC + I,fHYBRID,175,0,6.4,6.0,0.6919336915016174,0.0592771073182423,15.500816106796265,False,0.0086969982329232,0.0230996406780536,1.7778031276485788,8.475280332130076,2.2604375939607477
sweep,NB04,0.7,CTC + I,fHYBRID,175,0,3.2,0.0,0.6919336915016174,0.0592771073182423,7.419966459274292,False,0.0194765366631815,0.0547938151435791,0.939808133683928,14.259420972621529,1.5741537594266315
sweep,NB04,0.7,CTC + I,fHYBRID,175,0,3.2,6.0,0.6919336915016174,0.0592771073182423,7.348517894744873,False,0.0125552014252611,0.0338033373927007,1.823415755272692,25.084426963274428,2.91665339435057
sweep,NB04,0.7,CTC + I,fHYBRID,175,0,1.6,0.0,0.6919336915016174,0.0592771073182423,3.3725123405456543,False,0.0826676595137856,0.269881192265802,1.2840552024464225,57.60831553478331,3.492063133155343
sweep,NB04,0.7,CTC + I,fHYBRID,175,0,1.6,6.0,0.6919336915016174,0.0592771073182423,3.3661203384399414,False,4.4017756502761785,17.480636453058914,2.5230904155934835,122.22655539554528,5.0
sweep,NB04,0.7,CTC + I,PINN,175,1,6.4,0.0,,0.0,14.648014068603516,False,0.0184458229263416,0.0503128591346594,0.9053925160639804,5.597246379428903,1.1667682275186422
sweep,NB04,0.7,CTC + I,PINN,175,1,6.4,6.0,,0.0,14.721850633621216,False,0.0092733980819186,0.0243827647708397,1.7777990448313783,8.373347955246945,2.26043983818223
sweep,NB04,0.7,CTC + I,PINN,175,1,3.2,0.0,,0.0,7.084040641784668,False,0.0210304486085493,0.0559105406856721,0.9397994886177584,14.029328935420136,1.5716085361805474
sweep,NB04,0.7,CTC + I,PINN,175,1,3.2,6.0,,0.0,7.099144458770752,False,0.0131016828799534,0.0361571022560087,1.8234123431960647,24.91287044134077,2.9155987199549203
sweep,NB04,0.7,CTC + I,PINN,175,1,1.6,0.0,,0.0,3.3042590618133545,False,0.0676025739269069,0.2224580293801017,1.2839136261487354,57.30029439947326,3.489426367725049
sweep,NB04,0.7,CTC + I,PINN,175,1,1.6,6.0,,0.0,3.313145160675049,False,4.418927444904832,17.55922587470711,2.522851260788016,122.12096632841993,5.0
sweep,NB04,0.7,CTC + I,HYBRID,175,1,6.4,0.0,,0.0,14.812079906463625,False,0.0178937018759508,0.0451008574053116,0.9053977884024672,5.599604270760583,1.1667611869680572
sweep,NB04,0.7,CTC + I,HYBRID,175,1,6.4,6.0,,0.0,14.827007293701172,False,0.0089754164192055,0.022211172200027,1.777802523006273,8.379888699969907,2.260430299850301
sweep,NB04,0.7,CTC + I,HYBRID,175,1,3.2,0.0,,0.0,7.151782989501953,False,0.0221222197938192,0.0575528395931436,0.939792155971958,14.051474613493442,1.5738329559914437
sweep,NB04,0.7,CTC + I,HYBRID,175,1,3.2,6.0,,0.0,7.302453279495239,False,0.0140921641067291,0.039847569170771,1.823405711512364,24.93921742616528,2.915785460073556
sweep,NB04,0.7,CTC + I,HYBRID,175,1,1.6,0.0,,0.0,3.372253894805908,False,0.0861035325211229,0.2853204933607128,1.2841876413465143,57.47055364420981,3.4914619513600766
sweep,NB04,0.7,CTC + I,HYBRID,175,1,1.6,6.0,,0.0,3.349130630493164,False,4.41827284606751,17.548879090605677,2.522964495024499,122.17109859373,5.0
sweep,NB04,0.7,CTC + I,fPINN,175,1,6.4,0.0,0.6597253680229187,0.0529450985292593,15.277803897857666,False,0.018211613833477,0.0499565385659689,0.905394044326574,5.706473105781009,1.1667761462344617
sweep,NB04,0.7,CTC + I,fPINN,175,1,6.4,6.0,0.6597253680229187,0.0529450985292593,15.571069478988647,False,0.0091844211962564,0.024659180577685,1.777800278985189,8.44856846749203,2.2604449727125497
sweep,NB04,0.7,CTC + I,fPINN,175,1,3.2,0.0,0.6597253680229187,0.0529450985292593,10.468692302703856,False,0.0197316693222806,0.0461003166894046,0.9398145499194424,14.195082012258048,1.57137726600962
sweep,NB04,0.7,CTC + I,fPINN,175,1,3.2,6.0,0.6597253680229187,0.0529450985292593,7.867560625076294,False,0.012094745287506,0.0306643872778675,1.8234215961740343,25.03857740340582,2.9150815207479286
sweep,NB04,0.7,CTC + I,fPINN,175,1,1.6,0.0,0.6597253680229187,0.0529450985292593,3.361377239227295,False,0.0615287971670599,0.2197280539373908,1.2839121307638195,57.441880829200834,3.491506906778096
sweep,NB04,0.7,CTC + I,fPINN,175,1,1.6,6.0,0.6597253680229187,0.0529450985292593,3.325345039367676,False,4.405226344421368,17.512457295102013,2.5229935897774096,122.26679909929952,5.0
sweep,NB04,0.7,CTC + I,fHYBRID,175,1,6.4,0.0,0.6921180486679077,0.059250754614671,15.52123999595642,False,0.0172229372302766,0.0457765093127424,0.905398492931847,5.739935154105653,1.1667706685850034
sweep,NB04,0.7,CTC + I,fHYBRID,175,1,6.4,6.0,0.6921180486679077,0.059250754614671,15.376525402069092,False,0.0087032708096791,0.0229412596125359,1.7778030854389573,8.47624564007394,2.2604384947543354
sweep,NB04,0.7,CTC + I,fHYBRID,175,1,3.2,0.0,0.6921180486679077,0.059250754614671,7.793145656585693,False,0.0187641859060471,0.0529226628805726,0.9398077596934804,14.260708011648678,1.5740382641282302
sweep,NB04,0.7,CTC + I,fHYBRID,175,1,3.2,6.0,0.6921180486679077,0.059250754614671,7.453840494155884,False,0.0123585976345834,0.0349112961525338,1.82341551492106,25.085703911349945,2.916491799357777
sweep,NB04,0.7,CTC + I,fHYBRID,175,1,1.6,0.0,0.6921180486679077,0.059250754614671,3.432020664215088,False,0.0810705720049881,0.2704160096903292,1.284076598420127,57.602693701781774,3.4920681466826533
sweep,NB04,0.7,CTC + I,fHYBRID,175,1,1.6,6.0,0.6921180486679077,0.059250754614671,3.368424892425537,False,4.402750518622096,17.487527153224875,2.52308528281342,122.23557329111108,5.0
sweep,NB04,0.7,CTC + I,PINN,175,2,6.4,0.0,,0.0,14.687970876693726,False,0.0185020190824274,0.0473931636121836,0.905391744221668,5.597852981732146,1.1667637399110298
sweep,NB04,0.7,CTC + I,PINN,175,2,6.4,6.0,,0.0,14.691279411315918,False,0.0093441343299234,0.0232839820113594,1.7777986131646573,8.379466941847863,2.260432877729144
sweep,NB04,0.7,CTC + I,PINN,175,2,3.2,0.0,,0.0,7.160090684890747,False,0.020816292668784,0.054266355294913,0.939799308776091,14.022198250350424,1.5723365469572497
sweep,NB04,0.7,CTC + I,PINN,175,2,3.2,6.0,,0.0,7.070626735687256,False,0.0131680972525941,0.0343427781828497,1.8234147048620897,24.914831924639078,2.916123744092399
sweep,NB04,0.7,CTC + I,PINN,175,2,1.6,0.0,,0.0,3.3172433376312256,False,0.0711128868549683,0.2284819956137305,1.2835711162553023,57.2979613489774,3.4894267119457654
sweep,NB04,0.7,CTC + I,PINN,175,2,1.6,6.0,,0.0,3.2950963973999023,False,4.426830489576866,17.59111191689307,2.5213044085082985,122.2143957384272,5.0
sweep,NB04,0.7,CTC + I,HYBRID,175,2,6.4,0.0,,0.0,14.810067176818848,False,0.0180000422634285,0.0450998647123085,0.9053973743217943,5.600281934902663,1.1667613696684558
sweep,NB04,0.7,CTC + I,HYBRID,175,2,6.4,6.0,,0.0,14.73302721977234,False,0.0090064319655142,0.0222392419950322,1.7778022928500692,8.38056289830636,2.260431268203924
sweep,NB04,0.7,CTC + I,HYBRID,175,2,3.2,0.0,,0.0,7.199537992477417,False,0.0227031520490034,0.0618423470909836,0.9397927229102528,14.052012032003589,1.5735600379106942
sweep,NB04,0.7,CTC + I,HYBRID,175,2,3.2,6.0,,0.0,7.12561821937561,False,0.0142311431359646,0.0415707108109974,1.8234061459785105,24.939133656558496,2.9157168481863174
sweep,NB04,0.7,CTC + I,HYBRID,175,2,1.6,0.0,,0.0,3.3525586128234863,False,0.0867397498383361,0.2892470654417466,1.284244415682797,57.46308549423668,3.4908574430268646
sweep,NB04,0.7,CTC + I,HYBRID,175,2,1.6,6.0,,0.0,3.3458573818206787,False,4.415693400571906,17.54733240270182,2.522870624269755,122.20183697589312,5.0
sweep,NB04,0.7,CTC + I,fPINN,175,2,6.4,0.0,0.6453649997711182,0.051274632414182,15.18377137184143,False,0.0181398922558908,0.0489083849934352,0.9053950452701452,5.697340760455004,1.1667753415997253
sweep,NB04,0.7,CTC + I,fPINN,175,2,6.4,6.0,0.6453649997711182,0.051274632414182,15.237834453582764,False,0.0091251422649245,0.0242146297856032,1.7778009016663714,8.447017660015245,2.260444966295499
sweep,NB04,0.7,CTC + I,fPINN,175,2,3.2,0.0,0.6453649997711182,0.051274632414182,7.221102714538574,False,0.0191257490545725,0.0539562673152909,0.9398093386230444,14.182168343450924,1.572720753101862
sweep,NB04,0.7,CTC + I,fPINN,175,2,3.2,6.0,0.6453649997711182,0.051274632414182,7.20917820930481,False,0.0123797842533116,0.0342122541027344,1.8234175605251683,25.036826520309383,2.91632646022103
sweep,NB04,0.7,CTC + I,fPINN,175,2,1.6,0.0,0.6453649997711182,0.051274632414182,3.350099563598633,False,0.0681834754741967,0.2084120887602023,1.2835648269807878,57.396824792514295,3.493978999597969
sweep,NB04,0.7,CTC + I,fPINN,175,2,1.6,6.0,0.6453649997711182,0.051274632414182,3.3437960147857666,False,4.383212832728617,17.45767027158884,2.5218888679383267,122.02302693303209,5.0
sweep,NB04,0.7,CTC + I,fHYBRID,175,2,6.4,0.0,0.6932205557823181,0.0593796384831269,15.331994533538818,False,0.017224224402122,0.0455992619933956,0.9053985532907994,5.740858766834614,1.1667694788367284
sweep,NB04,0.7,CTC + I,fHYBRID,175,2,6.4,6.0,0.6932205557823181,0.0593796384831269,15.306464672088625,False,0.0087010499617195,0.0229622836583387,1.7778030992790266,8.476691390234919,2.2604379458019763
sweep,NB04,0.7,CTC + I,fHYBRID,175,2,3.2,0.0,0.6932205557823181,0.0593796384831269,7.256927967071533,False,0.0188349800206841,0.0539517784700866,0.9398091284319436,14.26118403888771,1.574363568993321
sweep,NB04,0.7,CTC + I,fHYBRID,175,2,3.2,6.0,0.6932205557823181,0.0593796384831269,7.279891729354858,False,0.0123100255965551,0.0340116689588463,1.823416511083136,25.086243269143324,2.9165777510760087
sweep,NB04,0.7,CTC + I,fHYBRID,175,2,1.6,0.0,0.6932205557823181,0.0593796384831269,3.360107660293579,False,0.0835047776408457,0.2753664730030368,1.2841097152760474,57.60530898725611,3.490984441927319
sweep,NB04,0.7,CTC + I,fHYBRID,175,2,1.6,6.0,0.6932205557823181,0.0593796384831269,3.3794140815734863,False,4.398594617754505,17.477382384914698,2.523042670707433,122.20665557933393,5.0
sweep,NB04,0.9,CTC + I,PINN,175,0,6.4,0.0,,0.0,14.671087980270386,False,0.0183446725223469,0.0476304358369571,0.904751661631716,5.652853085765807,1.1670489032040954
sweep,NB04,0.9,CTC + I,PINN,175,0,6.4,6.0,,0.0,14.737797260284424,False,0.0092769042162162,0.0231991272595761,1.777044360560441,8.401145110926208,2.260322419496533
sweep,NB04,0.9,CTC + I,PINN,175,0,3.2,0.0,,0.0,7.087405443191528,False,0.0216093464323747,0.0561342007591091,0.9398509512755756,14.340924636913456,1.5935120564334624
sweep,NB04,0.9,CTC + I,PINN,175,0,3.2,6.0,,0.0,7.075653076171875,False,0.0133381046714558,0.0334911744124773,1.8231119007198635,25.196947190892644,2.9347404250315496
sweep,NB04,0.9,CTC + I,PINN,175,0,1.6,0.0,,0.0,3.2995083332061768,False,0.0763644502513171,0.2397704662956709,1.2866940974958423,57.766408399432805,3.537157663762985
sweep,NB04,0.9,CTC + I,PINN,175,0,1.6,6.0,,0.0,3.3144569396972656,False,4.509950178857888,18.074119261518145,2.524053554689516,122.66313299699353,5.0
sweep,NB04,0.9,CTC + I,HYBRID,175,0,6.4,0.0,,0.0,14.803374290466309,False,0.0178273292054856,0.0452603241068045,0.9047571532017972,5.653074106605066,1.1670478796472916
sweep,NB04,0.9,CTC + I,HYBRID,175,0,6.4,6.0,,0.0,14.84649920463562,False,0.0089462751913742,0.0226562730844073,1.7770478477888128,8.39905631758682,2.2603232129596478
sweep,NB04,0.9,CTC + I,HYBRID,175,0,3.2,0.0,,0.0,7.111269235610962,False,0.0217550355454146,0.0556956374321412,0.9398454614779512,14.366168994365644,1.5942773600011848
sweep,NB04,0.9,CTC + I,HYBRID,175,0,3.2,6.0,,0.0,7.228539705276489,False,0.0136693135302413,0.0365672171622193,1.8231079021598604,25.207632334886235,2.933877344762422
sweep,NB04,0.9,CTC + I,HYBRID,175,0,1.6,0.0,,0.0,3.3434200286865234,False,0.0823803957416669,0.2740270344794803,1.287626376297869,57.91290034747642,3.5279117980755594
sweep,NB04,0.9,CTC + I,HYBRID,175,0,1.6,6.0,,0.0,3.335143804550171,False,4.509161270633264,18.03696439799974,2.525278847097331,122.92786660724089,5.0
sweep,NB04,0.9,CTC + I,fPINN,175,0,6.4,0.0,0.8721688389778137,0.0568607759972413,15.130316734313965,False,0.0179393832543416,0.0468700941578574,0.9047525272390414,5.842753415717127,1.1670524548569878
sweep,NB04,0.9,CTC + I,fPINN,175,0,6.4,6.0,0.8721688389778137,0.0568607759972413,15.272804498672484,False,0.009143119128659,0.0233326122006168,1.7770449019890855,8.539907029550706,2.2603227053403336
sweep,NB04,0.9,CTC + I,fPINN,175,0,3.2,0.0,0.8721688389778137,0.0568607759972413,7.215319395065308,False,0.0194715695855569,0.0471901424132439,0.9398604281688256,14.635239158918823,1.594012879040115
sweep,NB04,0.9,CTC + I,fPINN,175,0,3.2,6.0,0.8721688389778137,0.0568607759972413,7.197322368621826,False,0.0126624655547597,0.0303895142855129,1.823117082136676,25.412184219147093,2.9348658234747758
sweep,NB04,0.9,CTC + I,fPINN,175,0,1.6,0.0,0.8721688389778137,0.0568607759972413,3.3357138633728027,False,0.0633917469102818,0.2042887863475225,1.2872047431464917,58.13353284463328,3.53589314405955
sweep,NB04,0.9,CTC + I,fPINN,175,0,1.6,6.0,0.8721688389778137,0.0568607759972413,3.347407341003418,False,4.5125027924468055,18.04217062807922,2.524776069893972,123.14082226694848,5.0
sweep,NB04,0.9,CTC + I,fHYBRID,175,0,6.4,0.0,0.8436726927757263,0.050873540341854,15.29858922958374,False,0.0172305369780624,0.0455878110194228,0.904757249836366,5.797655778676215,1.1670512069249157
sweep,NB04,0.9,CTC + I,fHYBRID,175,0,6.4,6.0,0.8436726927757263,0.050873540341854,15.35476851463318,False,0.0087122551541266,0.0231133263681755,1.77704806961978,8.502902571643364,2.2603252489291714
sweep,NB04,0.9,CTC + I,fHYBRID,175,0,3.2,0.0,0.8436726927757263,0.050873540341854,7.270210266113281,False,0.0199725263021223,0.0578396082955524,0.939851099166506,14.57871060458716,1.5950731921839765
sweep,NB04,0.9,CTC + I,fHYBRID,175,0,3.2,6.0,0.8436726927757263,0.050873540341854,7.301434993743896,False,0.0127922186400662,0.0346940693625484,1.8231112931848763,25.36297310303478,2.934884241332074
sweep,NB04,0.9,CTC + I,fHYBRID,175,0,1.6,0.0,0.8436726927757263,0.050873540341854,3.3550145626068115,False,0.0833662154429801,0.2732891976078339,1.2875625789359837,58.1250378979187,3.5299552371767877
sweep,NB04,0.9,CTC + I,fHYBRID,175,0,1.6,6.0,0.8436726927757263,0.050873540341854,3.364598274230957,False,4.507553999583448,18.013686417443864,2.5255890787789026,123.07706147469216,5.0
sweep,NB04,0.9,CTC + I,PINN,175,1,6.4,0.0,,0.0,14.608085870742798,False,0.0183154720962304,0.0506167971800465,0.9047524994002284,5.651680982132327,1.1670497266493498
sweep,NB04,0.9,CTC + I,PINN,175,1,6.4,6.0,,0.0,14.64578938484192,False,0.009225373014824,0.0246822703009631,1.7770448403267616,8.394491821799862,2.2603295090107323
sweep,NB04,0.9,CTC + I,PINN,175,1,3.2,0.0,,0.0,7.133101224899292,False,0.020493737499283,0.0543531397276028,0.939851460371207,14.348256799227162,1.592730212764164
sweep,NB04,0.9,CTC + I,PINN,175,1,3.2,6.0,,0.0,7.050733327865601,False,0.0128149610992884,0.0351033885621426,1.8231130382514025,25.19225929407341,2.933814433726611
sweep,NB04,0.9,CTC + I,PINN,175,1,1.6,0.0,,0.0,3.31433653831482,False,0.0636669786262699,0.226117271692621,1.2875043889981987,57.77215346004532,3.5282949829886365
sweep,NB04,0.9,CTC + I,PINN,175,1,1.6,6.0,,0.0,3.304511785507202,False,4.51892305066708,18.064795180598647,2.525697970696405,122.84072724583804,5.0
sweep,NB04,0.9,CTC + I,HYBRID,175,1,6.4,0.0,,0.0,14.79396677017212,False,0.0177342220030872,0.0452885067433051,0.9047567822638328,5.65343817549497,1.1670480307465387
sweep,NB04,0.9,CTC + I,HYBRID,175,1,6.4,6.0,,0.0,14.773195505142212,False,0.0089177084333904,0.0225527758904248,1.7770476520045762,8.399513647390506,2.2603233055869025
sweep,NB04,0.9,CTC + I,HYBRID,175,1,3.2,0.0,,0.0,7.111421346664429,False,0.0210284826450792,0.0534257317673882,0.939843425044799,14.366577133103746,1.5945466121290297
sweep,NB04,0.9,CTC + I,HYBRID,175,1,3.2,6.0,,0.0,7.166774272918701,False,0.0135520055106847,0.0373812458029695,1.8231063861855317,25.20913746509452,2.934198148183001
sweep,NB04,0.9,CTC + I,HYBRID,175,1,1.6,0.0,,0.0,3.4291210174560547,False,0.0819406653657388,0.2699605864680624,1.2876427615674575,57.910033871366174,3.52898636265313
sweep,NB04,0.9,CTC + I,HYBRID,175,1,1.6,6.0,,0.0,3.3500704765319824,False,4.519161448992688,18.060580722344216,2.5253771040789035,122.9600327968382,5.0
sweep,NB04,0.9,CTC + I,fPINN,175,1,6.4,0.0,0.8407840728759766,0.0450492575764656,15.261526346206663,False,0.0180255749536861,0.049822886370923,0.9047530591333433,5.768418052178785,1.1670536736579948
sweep,NB04,0.9,CTC + I,fPINN,175,1,6.4,6.0,0.8407840728759766,0.0450492575764656,15.21392560005188,False,0.0091632392024175,0.0244861958631737,1.777045374966204,8.478370964224627,2.2603311048758514
sweep,NB04,0.9,CTC + I,fPINN,175,1,3.2,0.0,0.8407840728759766,0.0450492575764656,7.239102363586426,False,0.0186977561467142,0.042426768516279,0.939858610537148,14.522568773916218,1.5926344054492076
sweep,NB04,0.9,CTC + I,fPINN,175,1,3.2,6.0,0.8407840728759766,0.0450492575764656,7.184744596481323,False,0.012005880957892,0.0302835341397421,1.8231173686927464,25.32704787710364,2.9341473290972067
sweep,NB04,0.9,CTC + I,fPINN,175,1,1.6,0.0,0.8407840728759766,0.0450492575764656,3.344979286193848,False,0.0624052758423629,0.2117475935652465,1.2873206604586969,57.97753842652419,3.528993189822371
sweep,NB04,0.9,CTC + I,fPINN,175,1,1.6,6.0,0.8407840728759766,0.0450492575764656,3.344401359558105,False,4.513235235802094,18.056995349932546,2.525273021112071,123.22373813979527,5.0
sweep,NB04,0.9,CTC + I,fHYBRID,175,1,6.4,0.0,0.8256045579910278,0.0467064591745535,15.39563274383545,False,0.0172444628969649,0.0455209896518033,0.9047572049121289,5.7721471682403145,1.1670522777503345
sweep,NB04,0.9,CTC + I,fHYBRID,175,1,6.4,6.0,0.8256045579910278,0.0467064591745535,15.971656084060667,False,0.0087182210579691,0.0230065683167624,1.7770480455238564,8.483186638367588,2.260326257818347
sweep,NB04,0.9,CTC + I,fHYBRID,175,1,3.2,0.0,0.8256045579910278,0.0467064591745535,7.359375,False,0.0188517106844651,0.0494377171564702,0.9398525473375676,14.537788033803032,1.5947347475141154
sweep,NB04,0.9,CTC + I,fHYBRID,175,1,3.2,6.0,0.8256045579910278,0.0467064591745535,7.29005765914917,False,0.0123939980671997,0.0337916166591046,1.8231126702847409,25.332921283654155,2.9345205597670883
sweep,NB04,0.9,CTC + I,fHYBRID,175,1,1.6,0.0,0.8256045579910278,0.0467064591745535,3.366863250732422,False,0.080291839529108,0.2626495999677387,1.2876140903653697,58.07809986554755,3.529806418432477
sweep,NB04,0.9,CTC + I,fHYBRID,175,1,1.6,6.0,0.8256045579910278,0.0467064591745535,3.3681745529174805,False,4.512017570317909,18.022607623446422,2.525624300244379,123.04968981881544,5.0
sweep,NB04,0.9,CTC + I,PINN,175,2,6.4,0.0,,0.0,14.640469074249268,False,0.0183086534447896,0.0476646676136814,0.9047519685999854,5.653573043578476,1.167048537903207
sweep,NB04,0.9,CTC + I,PINN,175,2,6.4,6.0,,0.0,14.771913528442385,False,0.0092591699514571,0.0234967462105149,1.777044475010371,8.401384825633903,2.260322199481134
sweep,NB04,0.9,CTC + I,PINN,175,2,3.2,0.0,,0.0,7.113594055175781,False,0.0201204167316499,0.0541166902369861,0.9398521244160276,14.346518384610512,1.593470989711625
sweep,NB04,0.9,CTC + I,PINN,175,2,3.2,6.0,,0.0,7.137192964553833,False,0.013218344388963,0.0359744814962545,1.8231139167737775,25.201046777994247,2.934103659710133
sweep,NB04,0.9,CTC + I,PINN,175,2,1.6,0.0,,0.0,3.3329670429229736,False,0.0657491482230905,0.2050871237725518,1.2872728784335892,57.80596342716677,3.526679011595537
sweep,NB04,0.9,CTC + I,PINN,175,2,1.6,6.0,,0.0,3.3215856552124023,False,4.51551968422718,18.063442755129834,2.524473320865197,122.96611284055612,5.0
sweep,NB04,0.9,CTC + I,HYBRID,175,2,6.4,0.0,,0.0,14.74276328086853,False,0.0178014203408804,0.0451762475136981,0.9047568179505902,5.653979526881455,1.1670477621942084
sweep,NB04,0.9,CTC + I,HYBRID,175,2,6.4,6.0,,0.0,14.782928705215454,False,0.0089425069576734,0.0226524984735193,1.777047694988178,8.39986957473523,2.260323663170994
sweep,NB04,0.9,CTC + I,HYBRID,175,2,3.2,0.0,,0.0,7.13735294342041,False,0.021570509279246,0.0554579983915887,0.9398440798553463,14.366030648426468,1.594365803855225
sweep,NB04,0.9,CTC + I,HYBRID,175,2,3.2,6.0,,0.0,7.175426959991455,False,0.013711605354378,0.0378658035305325,1.823107003603532,25.20836801469021,2.933948810976485
sweep,NB04,0.9,CTC + I,HYBRID,175,2,1.6,0.0,,0.0,3.4001591205596924,False,0.0843598699722107,0.2787660028174723,1.2876799081496402,57.90726785241132,3.5281857010608166
sweep,NB04,0.9,CTC + I,HYBRID,175,2,1.6,6.0,,0.0,3.3434178829193115,False,4.51693452162726,18.056065344336737,2.5254352608712543,123.00289278889947,5.0
sweep,NB04,0.9,CTC + I,fPINN,175,2,6.4,0.0,0.8335861563682556,0.0431832820177078,15.268087148666382,False,0.0181265461490534,0.0487381332817739,0.9047542332434104,5.7593821877858495,1.1670539643122586
sweep,NB04,0.9,CTC + I,fPINN,175,2,6.4,6.0,0.8335861563682556,0.0431832820177078,15.21587371826172,False,0.0090986285068992,0.0241520204951964,1.7770461250495884,8.475507289622282,2.2603315287451125
sweep,NB04,0.9,CTC + I,fPINN,175,2,3.2,0.0,0.8335861563682556,0.0431832820177078,7.216431617736816,False,0.0191020058177318,0.0558484745157885,0.9398553921540608,14.512463543961076,1.5935742040798735
sweep,NB04,0.9,CTC + I,fPINN,175,2,3.2,6.0,0.8335861563682556,0.0431832820177078,7.261042594909668,False,0.012382215947353,0.0342867012432522,1.8231137527628296,25.324581535172182,2.93445084345608
sweep,NB04,0.9,CTC + I,fPINN,175,2,1.6,0.0,0.8335861563682556,0.0431832820177078,3.333915948867798,False,0.0668128015935919,0.2128697631138919,1.2871774041804849,57.9554808771854,3.533614109383838
sweep,NB04,0.9,CTC + I,fPINN,175,2,1.6,6.0,0.8335861563682556,0.0431832820177078,3.336080312728882,False,4.500031304932591,18.01551244042876,2.524338629539943,122.93327867371056,5.0
sweep,NB04,0.9,CTC + I,fHYBRID,175,2,6.4,0.0,0.8392734527587891,0.049974308659633,15.284771919250488,False,0.0172603325375037,0.0453533410118283,0.9047572619987057,5.7921362849561975,1.1670510776762728
sweep,NB04,0.9,CTC + I,fHYBRID,175,2,6.4,6.0,0.8392734527587891,0.049974308659633,15.33991765975952,False,0.0087186563517984,0.023043866269454,1.777048066816297,8.49791261237658,2.26032503610294
sweep,NB04,0.9,CTC + I,fHYBRID,175,2,3.2,0.0,0.8392734527587891,0.049974308659633,7.270225524902344,False,0.0195550012330074,0.0523179870218405,0.9398518218548448,14.569946544713469,1.595251980784092
sweep,NB04,0.9,CTC + I,fHYBRID,175,2,3.2,6.0,0.8392734527587891,0.049974308659633,7.284324884414673,False,0.0126100795417361,0.0346420960824445,1.8231121883299088,25.356730192973227,2.934868746703777
sweep,NB04,0.9,CTC + I,fHYBRID,175,2,1.6,0.0,0.8392734527587891,0.049974308659633,3.3467495441436768,False,0.082569247016427,0.278744051489233,1.2876053681104442,58.1162536150192,3.5291046037171068
sweep,NB04,0.9,CTC + I,fHYBRID,175,2,1.6,6.0,0.8392734527587891,0.049974308659633,3.359922170639038,False,4.504165384227574,18.008978309984062,2.525651983103121,123.05894199620926,5.0
main,NB04,0.5,CTC + I,nominal,0,0,6.4,0.0,,0.0,14.041076183319092,False,0.0397707847547309,0.1091992222386035,0.9065043026672938,5.563685558751275,1.167469014298236
main,NB04,0.5,CTC + I,nominal,0,0,6.4,6.0,,0.0,14.069141149520874,False,0.019958959040445,0.0539069247759264,1.7790248134699225,8.394201271823983,2.2613735591736472
main,NB04,0.5,CTC + I,nominal,0,0,3.2,6.0,,0.0,6.787601709365845,False,0.0467310304458193,0.1556474511592883,1.8246607009930045,24.966653634207105,2.903895190767442
main,NB04,0.5,CTC + I,nominal,0,0,1.6,0.0,,0.0,3.1574547290802,False,0.2701660126290479,0.8711677226162908,1.2840834458491126,57.421342568963,3.456987734804712
main,NB04,0.5,CTC + I,nominal,0,0,1.6,6.0,,0.0,3.2089385986328125,False,4.428037888228824,17.43549323544414,2.5226616295066093,122.0273226555178,5.0
main,NB04,0.5,CTC + I,oracle (frac),0,0,6.4,0.0,0.5,0.05,16.048760414123535,False,0.0013061732124607,0.0038034862082341,0.9064920232027134,5.602467383103041,1.167457718381096
main,NB04,0.5,CTC + I,oracle (frac),0,0,6.4,6.0,0.5,0.05,15.809710502624512,False,0.0013096295020293,0.0038110927246928,1.7790182856531644,8.394937857179418,2.26138543450388
main,NB04,0.5,CTC + I,oracle (frac),0,0,3.2,6.0,0.5,0.05,7.553089618682861,False,0.0091915818045358,0.0258752732636513,1.8245803205676336,24.980187679862528,2.904723341118709
main,NB04,0.5,CTC + I,oracle (frac),0,0,1.6,0.0,0.5,0.05,3.473118543624878,False,0.0450961588958688,0.1251627655860824,1.2845123402461918,57.72408036518432,3.4773659664005376
main,NB04,0.5,CTC + I,oracle (frac),0,0,1.6,6.0,0.5,0.05,3.487956285476685,False,4.384540508995951,17.188943383628185,2.525093398773984,121.76566589500428,5.0
sweep,NB04,0.3,CTC + I,nominal,0,0,6.4,0.0,,0.0,14.03296399116516,False,0.0389914030324209,0.1067891560327728,0.9082674560599194,5.525596178527922,1.1695904027291082
sweep,NB04,0.3,CTC + I,nominal,0,0,6.4,6.0,,0.0,14.007171154022217,False,0.0195706538914014,0.0526895198836231,1.7808989411329572,8.383525262690416,2.2636219648272267
sweep,NB04,0.3,CTC + I,nominal,0,0,3.2,6.0,,0.0,6.793564558029175,False,0.0452760183732742,0.1511326199417536,1.8264821738017252,24.962925505215587,2.897767523112104
sweep,NB04,0.3,CTC + I,nominal,0,0,1.6,0.0,,0.0,3.1774778366088867,False,0.2633116820642899,0.853464510885919,1.2862113158204052,57.51008024539084,3.4495043142859902
sweep,NB04,0.3,CTC + I,nominal,0,0,1.6,6.0,,0.0,3.1653902530670166,False,4.432455942064355,17.272990344721496,2.52601144962962,121.66078527137677,5.0
sweep,NB04,0.3,CTC + I,oracle (frac),0,0,6.4,0.0,0.3,0.05,15.89431881904602,False,0.0013098735952234,0.0038109427455066,0.9082551745170576,5.544615171970741,1.1695858645570356
sweep,NB04,0.3,CTC + I,oracle (frac),0,0,6.4,6.0,0.3,0.05,15.797434329986572,False,0.0013114801015531,0.0038148357733289,1.7808921847158323,8.37007086784764,2.2636373475084683
sweep,NB04,0.3,CTC + I,oracle (frac),0,0,3.2,6.0,0.3,0.05,7.652414083480835,False,0.0092026601041576,0.0259067605157547,1.8264044102727288,24.94979639018422,2.89852460941248
sweep,NB04,0.3,CTC + I,oracle (frac),0,0,1.6,0.0,0.3,0.05,3.514254331588745,False,0.0451918228493345,0.1254261958989376,1.286488392445583,57.778951487947815,3.46851342409217
sweep,NB04,0.3,CTC + I,oracle (frac),0,0,1.6,6.0,0.3,0.05,3.492350578308105,False,4.388224414534968,17.02714860700578,2.528225139848355,121.38383448106669,5.0
sweep,NB04,0.7,CTC + I,nominal,0,0,6.4,0.0,,0.0,14.032559156417848,False,0.0406705582175166,0.1126365093184946,0.9053963538485668,5.60561913998466,1.16678155031332
sweep,NB04,0.7,CTC + I,nominal,0,0,6.4,6.0,,0.0,14.014554977416992,False,0.0204001945510928,0.0556288465139286,1.7778001916395438,8.404304725164666,2.2604422776151445
sweep,NB04,0.7,CTC + I,nominal,0,0,3.2,0.0,,0.0,6.757758855819702,False,0.09562521773918,0.3186419322608435,0.9399612635706956,14.12811054630086,1.5710713517320205
sweep,NB04,0.7,CTC + I,nominal,0,0,3.2,6.0,,0.0,6.834857940673828,False,0.0486762603937441,0.1620594826946283,1.823512889687724,25.068059272624414,2.914795314768581
sweep,NB04,0.7,CTC + I,nominal,0,0,1.6,0.0,,0.0,3.156342029571533,False,0.2811463581369406,0.9014923724490848,1.283594047983889,57.49296907731079,3.473762210777577
sweep,NB04,0.7,CTC + I,nominal,0,0,1.6,6.0,,0.0,3.162186861038208,False,4.459684146698811,17.732528185391757,2.520779094349597,122.46509694907613,5.0
sweep,NB04,0.7,CTC + I,oracle (frac),0,0,6.4,0.0,0.7,0.05,15.819955348968506,False,0.001299949416316,0.0037874805989039,0.9053842406159948,5.677794496185305,1.166758135614644
sweep,NB04,0.7,CTC + I,oracle (frac),0,0,6.4,6.0,0.7,0.05,15.792651653289797,False,0.0013065186498888,0.0038030794090665,1.7777939555770677,8.429976934589082,2.2604487194261496
sweep,NB04,0.7,CTC + I,oracle (frac),0,0,3.2,0.0,0.7,0.05,7.568053245544434,False,0.0091298303397003,0.0256998458731489,0.9398192153812268,14.270479199761336,1.5727479419585089
sweep,NB04,0.7,CTC + I,oracle (frac),0,0,3.2,6.0,0.7,0.05,7.53182578086853,False,0.0091701108576039,0.0258144402533976,1.8234247361579987,25.12734587783846,2.915652219308276
sweep,NB04,0.7,CTC + I,oracle (frac),0,0,1.6,0.0,0.7,0.05,3.4764506816864014,False,0.0448916441268938,0.1245927655546157,1.2841812194201616,57.87470501082844,3.4961992118839267
sweep,NB04,0.7,CTC + I,oracle (frac),0,0,1.6,6.0,0.7,0.05,3.489930391311645,False,4.415885989647234,17.48533151562284,2.5235039591590205,122.3443266164148,5.0
sweep,NB04,0.9,CTC + I,nominal,0,0,6.4,0.0,,0.0,14.025112628936768,False,0.0416376884653393,0.1171368857264923,0.9047557920004236,5.655061854646091,1.1670669889002718
sweep,NB04,0.9,CTC + I,nominal,0,0,6.4,6.0,,0.0,14.023613452911375,False,0.0208644180885198,0.057865741900436,1.777045224896543,8.419101716624706,2.260332985420117
sweep,NB04,0.9,CTC + I,nominal,0,0,3.2,0.0,,0.0,6.790793418884277,False,0.1008765675733303,0.3360821600784919,0.9400332030349208,14.440594693632358,1.5921371043452135
sweep,NB04,0.9,CTC + I,nominal,0,0,3.2,6.0,,0.0,6.783233880996704,False,0.0511055327681548,0.1704080143913443,1.8232270458330584,25.33257797070612,2.933127986472406
sweep,NB04,0.9,CTC + I,nominal,0,0,1.6,0.0,,0.0,3.16365385055542,False,0.29781744236271,0.94972205206087,1.287026382695814,57.937120177437656,3.5087244031888165
sweep,NB04,0.9,CTC + I,nominal,0,0,1.6,6.0,,0.0,3.1575939655303955,False,4.568355450716746,18.26504732180729,2.5230312379462623,123.19808153674336,5.0
sweep,NB04,0.9,CTC + I,oracle (frac),0,0,6.4,0.0,0.9,0.05,15.782243013381958,False,0.0012869146532197,0.0037479951370496,0.9047440124335476,5.786965576126203,1.1670239366461288
sweep,NB04,0.9,CTC + I,oracle (frac),0,0,6.4,6.0,0.9,0.05,15.827342748641968,False,0.0013000037469931,0.0037833371546048,1.7770393230073347,8.49287738910707,2.2603312444178107
sweep,NB04,0.9,CTC + I,oracle (frac),0,0,3.2,0.0,0.9,0.05,7.548869132995605,False,0.0090331364436393,0.0254271148261627,0.93986422034258,14.662319972585513,1.5935722455662793
sweep,NB04,0.9,CTC + I,oracle (frac),0,0,3.2,6.0,0.9,0.05,8.19704818725586,False,0.0091217755686905,0.0256780826135609,1.8231220080895407,25.45823383415437,2.933838552336654
sweep,NB04,0.9,CTC + I,oracle (frac),0,0,1.6,0.0,0.9,0.05,3.5465874671936035,False,0.0444032726011187,0.1232238346926352,1.2877071945746783,58.470349938269024,3.533736443608237
sweep,NB04,0.9,CTC + I,oracle (frac),0,0,1.6,6.0,0.9,0.05,3.4931066036224365,False,4.522027769433883,18.015844501019043,2.526057026537218,123.2439876061828,5.0
noise,NB04,0.5,CTC + I,nominal,0,0,6.4,0.0,,0.0,15.066767692565918,False,0.0392805360980214,0.1067510220587774,0.9072715476035168,1366.796172271979,1.2952494113275677
noise,NB04,0.5,CTC + I,nominal,0,0,6.4,6.0,,0.0,14.766981601715088,False,0.0202353639842362,0.0594147649788247,1.7805927641131545,2739.448822835805,2.5306956812602497
noise,NB04,0.5,CTC + I,nominal,0,0,3.2,6.0,,0.0,7.179376602172852,False,0.0457867700194725,0.1500790691707435,1.8261754230466507,1375.8725254282178,3.026376026232564
noise,NB04,0.5,CTC + I,nominal,0,0,1.6,0.0,,0.0,3.344381332397461,False,0.2583589662999176,0.8385157645809546,1.284910163279533,352.8475193785508,3.5213557021985986
noise,NB04,0.5,CTC + I,nominal,0,0,1.6,6.0,,0.0,3.344486713409424,False,4.509201537238804,18.767122021278706,2.5421098748232764,682.4843337029934,5.0
noise,NB04,0.5,CTC + I,oracle (frac),0,0,6.4,0.0,0.5,0.05,16.558723211288452,False,0.0049798672474844,0.0141628184970571,0.907230993414504,1353.1166483639383,1.3203764454673184
noise,NB04,0.5,CTC + I,oracle (frac),0,0,6.4,6.0,0.5,0.05,16.618042707443237,False,0.0051510711406109,0.0147629610079958,1.780566228769237,2726.2632055412887,2.5286929834759904
noise,NB04,0.5,CTC + I,oracle (frac),0,0,3.2,6.0,0.5,0.05,7.879501819610596,False,0.0102480526156401,0.0289346192206046,1.826128508421644,1381.5351663690903,3.060921441757084
noise,NB04,0.5,CTC + I,oracle (frac),0,0,1.6,0.0,0.5,0.05,3.7271511554718018,False,0.0429860507940057,0.1191798981204705,1.2851058236557011,350.31905900804884,3.571534956913913
noise,NB04,0.5,CTC + I,oracle (frac),0,0,1.6,6.0,0.5,0.05,3.675185441970825,False,4.504547565804705,19.29133065204464,2.5453124120293817,685.0122931956206,5.0
